AV_manufacturer,AVyear,AVmake,AVmodel,AVregloc,AccidentZIPcode,AccidentSTATE,AccidentCOUNTY,AccidentCITY,AccidentADDRESS,AccidentDATE,AccidentTIME,AccidenttimeOFdayAM,AccidenttimeOFdayPM,AVmotionMOVING,AVmotionSTOPPED,AVhitPEDESTRAIN,AVhitBICYCLIST,AVhitOTHERS,AVhitOTHERSspecify,AVnoOFVehicles,AVdamagelevelUNKNOWN,AVdamagelevelNONE,AVdamagelevelMINOR,AVdamagelevelMODERATE,AVdamagelevelMAJOR,AVdamagePartLRC1,AVdamagePartRB,AVdamagePartRRC1,AVdamagePartLRPS1,AVdamagePartLRPS2,AVdamagePartRRPS1,AVdamagePartRRPS2,AVdamagePartLRPS3,AVdamagePartLRPS4,AVdamagePartRRPS3,AVdamagePartRRPS4,AVdamagePartFDS1,AVdamagePartFDS2,AVdamagePartFPS1,AVdamagePartFPS2,AVdamagePartFDS3,AVdamagePartFDS4,AVdamagePartFPS3,AVdamagePartFPS4,AVdamagePartLFC1,AVdamagePartFC1,AVdamagePartRC1,AVdamagePartFRC1,AVdamagePartLFC2,AVdamagePartFB,AVdamagePartFRC2,AVdamagePartLRC2,AVdamagePartLRC3,AVdamagePartRRC2,AVdamagePartRRC3,V2year,V2model,V2motionMOVING,V2motionSTOPPED,V2hitPEDESTRAIN,V2hitBICYCLIST,V2hitOTHERS,V2hitOTHERSspecify,V2noOFVehicles,P1INJURED,P1PROPERTY,P1BICYCLIST,P1PASSENGER,P1DRIVER,P1DECEASED,P2INJURED,P2PROPERTY,P2BICYCLIST,P2PASSENGER,P2DRIVER,P2DECEASED,AccTYPEAuto,AccTYPEConven,AccDETAILS,AccWEATHERCLEARbyAV,AccWEATHERCLEARbyV2,AccWEATHERCLOUDYbyAV,AccWEATHERCLOUDYbyV2,AccWEATHERRAININGbyAV,AccWEATHERRAININGbyV2,AccWEATHERSNOWINGbyAV,AccWEATHERSNOWINGbyV2,AccWEATHERFOGbyAV,AccWEATHERFOGbyV2,AccWEATHEROTHERbyAV,AccWEATHEROTHERbyV2,AccWEATHERWINDbyAV,AccWEATHERWINDbyV2,AccLIGHTHINGDAYLIGHTbyAV,AccLIGHTHINGDAYLIGHTbyV2,AccLIGHTHINGDUSKDAWNbyAV,AccLIGHTHINGDUSKDAWNbyV2,AccLIGHTHINGDARKSTREETLIGHTSbyAV,AccLIGHTHINGDARKSTREETLIGHTSbyV2,AccLIGHTHINGDARKNOSTREETbyAV,AccLIGHTHINGDARKNOSTREETbyV2,AccLIGHTHINGDARKSTREETLIGHTSNOTFUNCTIONINGbyAV,AccLIGHTHINGDARKSTREETLIGHTSNOTFUNCTIONINGbyV2,AccROADSURFACEDRYbyAV,AccROADSURFACEDRYbyV2,AccROADSURFACEWETbyAV,AccROADSURFACEWETbyV2,AccROADSURFACESNOWYICYbyAV,AccROADSURFACESNOWYICYbyV2,AccROADSURFACESLIPPERYbyAV,AccROADSURFACESLIPPERYbyV2,AccROADCONDITIONSHOLESbyAV,AccROADCONDITIONSHOLESbyV2,AccROADCONDITIONSLOOSEMATERIALbyAV,AccROADCONDITIONSLOOSEMATERIALbyV2,AccROADCONDITIONSOBSTRUCTIONbyAV,AccROADCONDITIONSOBSTRUCTIONbyV2,AccROADCONDITIONSCONSTRUCTIONbyAV,AccROADCONDITIONSCONSTRUCTIONbyV2,AccROADCONDITIONSREDUCEDROADWAYWIDTHbyAV,AccROADCONDITIONSREDUCEDROADWAYWIDTHbyV2,AccROADCONDITIONSFLOODEDbyAV,AccROADCONDITIONSFLOODEDbyV2,AccROADCONDITIONSOTHERbyAV,AccROADCONDITIONSOTHERbyV2,AccROADCONDITIONSNOUNUSUALCONDITIONSbyAV,AccROADCONDITIONSNOUNUSUALCONDITIONSbyV2,AccSTATEB4CollisionSTOPPEDbyAV,AccSTATEB4CollisionSTOPPEDbyV2,AccSTATEB4CollisionPROCEEDINGSTRAIGHTbyAV,AccSTATEB4CollisionPROCEEDINGSTRAIGHTbyV2,AccSTATEB4CollisionRANOFFROADbyAV,AccSTATEB4CollisionRANOFFROADbyV2,AccSTATEB4CollisionMAKINGRIGHTTURNbyAV,AccSTATEB4CollisionMAKINGRIGHTTURNbyV2,AccSTATEB4CollisionMAKINGLEFTTURNbyAV,AccSTATEB4CollisionMAKINGLEFTTURNbyV2,AccSTATEB4CollisionMAKINGUTURNbyAV,AccSTATEB4CollisionMAKINGUTURNbyV2,AccSTATEB4CollisionBACKINGbyAV,AccSTATEB4CollisionBACKINGbyV2,AccSTATEB4CollisionSLOWSTOPPINGbyAV,AccSTATEB4CollisionSLOWSTOPPINGbyV2,AccSTATEB4CollisionPASSINGXINGINTOOPPOSLANEVEHICLEbyAV,AccSTATEB4CollisionPASSINGXINGINTOOPPOSLANEVEHICLEbyV2,AccSTATEB4CollisionCHANGINGLANESbyAV,AccSTATEB4Collision CHANGINGLANESbyV2,AccSTATEB4CollisionPARKINGMANUEVERbyAV,AccSTATEB4CollisionPARKINGMANUEVERbyV2,AccSTATEB4CollisionENTERINGTRAFFICbyAV,AccSTATEB4CollisionENTERINGTRAFFICbyV2,AccSTATEB4CollisionUNSAFETURNINGbyAV,AccSTATEB4CollisionUNSAFETURNINGbyV2,AccSTATEB4CollisionXINGINTOOPPOSLANEbyAV,AccSTATEB4CollisionXINGINTOOPPOSLANEbyV2,AccSTATEB4CollisionPARKEDbyAV,AccSTATEB4CollisionPARKEDbyV2,AccSTATEB4CollisionMERGINGbyAV,AccSTATEB4CollisionMERGINGbyV2,AccSTATEB4CollisionTRAVELINGWRONGWAYbyAV,AccSTATEB4CollisionTRAVELINGWRONGWAYbyV2,AccSTATEB4CollisionOTHERbyAV,AccSTATEB4CollisionOTHERbyV2,AccCOLLISIONtypeHEADONbyAV,AccCOLLISIONtypeHEADONbyV2,AccCOLLISIONtypeSIDESWIPEbyAV,AccCOLLISIONtypeSIDESWIPEbyV2,AccCOLLISIONtypeREARENDbyAV,AccCOLLISIONtypeREARENDbyV2,AccCOLLISIONtypeBROADSIDEbyAV,AccCOLLISIONtypeBROADSIDEbyV2,AccCOLLISIONtypeHITOBJECTbyAV,AccCOLLISIONtypeHITOBJECTbyV2,AccCOLLISIONtypeOVERTURNEDbyAV,AccCOLLISIONtypeOVERTURNEDbyV2,AccCOLLISIONtypeVEHICLEORPEDESTRIANbyAV,AccCOLLISIONtypeVEHICLEORPEDESTRIANbyV2,AccCOLLISIONtypeOTHERbyAV,AccCOLLISIONtypeOTHERbyV2,AccOTHERfactorsCVCVIOLATEDYes,AccOTHERfactorsCVCVIOLATEDNo,AccOTHERfactorsVISIONOBSCUREMENT,AccOTHERfactorsINATTENTION,AccOTHERfactorsSTOPGOTRAFFIC,AccOTHERfactorsENTERINGORLEAVINGRAMP,AccOTHERfactorsPREVIOUSCOLLISION,AccOTHERfactorsUNFAMILIARWITHROAD,AccOTHERfactorsDEFECTIVEWEHEQUIPYes,AccOTHERfactorsDEFECTIVEWEHEQUIPNo,AccOTHERfactorsUNINVOLVEDVEHICLE,AccOTHERfactorsOTHER,AccOTHERfactorsNONEAPPARENT,AccOTHERfactorsRUNAWAYVEHICLE
"Aimotive , Inc",2010,Toyota,Prius,CA,94043,CA,Santa Clara,View,"SB , 101 US Freeway Old Middlefield Rd x Shorline",9/16/2019,10:00,1,0,0,1,0,0,0,,2,0,0,1,0,0,1,1,1,0,0,0,0,0,0,0,0,0,0,0,0,0,0,0,0,0,0,0,0,0,0,0,0,0,0,0,2007,Honda CRV,1,0,0,0,0,,2,0,0,0,0,0,0,0,0,0,0,0,0,0,1,"On 09/16/2019 at approximately 9:55 AM, an Aimotive autonomous test vehicle was being driven manually southbound, on US Free way 101, between Old Middlefield Rd. and Shoreline Blvd. The car was in the rightmost lane, which splits off into an exit lane for Shoreline Blvd. Traffic in front of the autonomous test vehicle had slowed down to a stop to take this exit, causing this lane to be backed up. The driver of the autonomous vehicle applied normal braking force to come to a stop. Shortly thereafter, the autonomous test vehicle was rear-ended by a Honda -CRV. No major bodily injuries were reported from either party in the crash. Damage to the autonomous vehicle was minor; the car had small scratches. The Honda -CRV's driver airbag was deployed and the front bumper of the car was partially hanging out of the car's body frame. Drivers from both parties exchanged information and took pictures of the damage. The passenger of the autonomous test vehicle contacted 911 approximately at 10:05 AM and requested a CHP officer on scene. The CHP officer arrived approximately 45 minutes after the initial call and took down a report. After both parties had exchanged information, the officer dismissed both parties. The Aimotive vehicle was driven manually back to the office.",1,1,0,0,0,0,0,0,0,0,0,0,0,0,1,1,0,0,0,0,0,0,0,0,0,0,1,1,0,0,0,0,0,0,0,0,0,0,0,0,0,0,0,0,0,0,1,1,1,0,0,1,0,0,0,0,0,0,0,0,0,0,0,0,0,0,0,0,0,0,0,0,0,0,0,0,0,0,0,0,0,0,0,0,0,0,0,0,0,1,0,0,0,1,0,0,0,0,0,0,1,0,0,0,0,0,0,0,0,0,0,0,0,0
Apple Inc,2017,Lexus,RX 450h,California,94087,CA,Santa Clara,,Sunnyvale Community Center Park Entrance,9/19/2019,7:58,1,0,0,1,0,0,0,,2,0,0,1,0,0,0,0,0,0,0,0,0,0,0,0,0,0,0,0,0,0,0,0,0,0,0,0,0,1,0,0,0,0,0,0,2019,Toyota Corolla,1,0,0,0,0,,2,0,0,0,0,0,0,0,0,0,0,0,0,0,1,"On September 19th, 2019 at 7:58am an Apple test vehicle, which was conducting a manually driven test mission, was struck while stopped in the left turn lane preparing to exit the Sunnyvale Community Center Park onto Manet Drive. The Apple test vehicle was stopped when the Toyota Corolla, traveling at approximately 6 mph, swung wide outside of its lane while making a right turn into the Sunnyvale Community Center Park entrance from Manet Drive and struck the Apple test vehicle. Both vehicles sustained minor damage to the driver's side front bumpers. The drivers exchanged information. No injuries were reported. The police were not called. ",1,1,0,0,0,0,0,0,0,0,0,0,0,0,1,1,0,0,0,0,0,0,0,0,1,1,0,0,0,0,0,0,0,0,0,0,0,0,0,0,0,0,0,0,0,0,1,1,1,0,0,0,0,0,0,1,0,0,0,0,0,0,0,0,0,0,0,0,0,0,0,0,0,0,0,0,0,0,0,0,0,0,0,0,0,1,0,0,0,0,0,0,0,0,0,0,0,0,0,0,0,0,0,0,0,0,0,0,0,0,0,0,0,0
Aurora Innovation Inc,2017,Lincoln,MKZ,California,94107,CA,San Francisco,Francisco,Townsend 3rd,1/10/2019,2:52,0,1,0,1,0,0,0,,2,0,0,0,1,0,0,1,1,0,0,0,0,0,0,0,0,0,0,0,0,0,0,0,0,0,0,0,0,0,0,0,0,0,0,1,2004,Honda CR-V,1,0,0,0,0,,2,0,0,0,0,0,0,0,0,0,0,0,0,0,1,"On 01/10/19 at 2:52pm, an Aurora vehicle, while stopped at a red traffic light in manual mode on Townsend and 3rd, was struck in the rear bumber by a Honda CR-V approaching from behind. There was moderate damage to the Aurora vehicle's right sensor, mount, and side quarter panel. There was minimal damage to the Honda's front right bumper. Both vehicles were operational and pulled over on a side street to exchange vehicle and insurance information. No injuries were reported and no police were requested nor present at the scene.",1,1,0,0,0,0,0,0,0,0,0,0,0,0,1,1,0,0,0,0,0,0,0,0,1,1,0,0,0,0,0,0,0,0,0,0,0,0,0,0,0,0,0,0,0,0,1,1,1,0,0,1,0,0,0,0,0,0,0,0,0,0,0,0,0,0,0,0,0,0,0,0,0,0,0,0,0,0,0,0,0,0,0,0,0,1,0,0,1,0,0,0,0,0,0,0,0,0,0,0,0,1,0,0,0,0,0,0,0,1,0,0,0,0
Cruise LLC,2020,Cheverolet,Bolt,CA,94109,CA,San Francisco,Francisco,Hyde St Sutter,10/17/2019,1:05,1,0,0,1,0,0,0,,2,0,0,1,0,0,0,0,1,0,0,0,0,0,0,0,0,0,0,0,0,0,0,0,0,0,0,0,0,0,0,0,0,0,0,0,2010,Prius,1,0,0,0,0,,2,0,0,0,0,0,0,0,0,0,0,0,0,1,0,"A Cruise autonomous vehicle (“Cruise AV”), operating in autonomous mode, was stopped at a red light on southbound Hyde Street at the intersection with Sutter Street when another vehicle behind the Cruise AV attempted to change into the right adjacent lane and made contact with the right rear corner of the Cruise AV, damaging the Cruise AV’s right rear radar and assembly. There were no injuries and police were not called.",0,0,0,0,0,0,0,0,1,1,0,0,0,0,0,0,0,0,1,1,0,0,0,0,0,0,1,1,0,0,0,0,0,0,0,0,0,0,0,0,0,0,0,0,0,0,1,1,1,0,0,0,0,0,0,0,0,0,0,0,0,0,0,0,0,0,0,1,0,0,0,0,0,0,0,0,0,0,0,0,0,0,0,0,0,0,0,0,0,1,0,0,0,0,0,0,0,0,0,0,0,0,0,0,0,0,0,0,0,0,0,0,0,0
Cruise LLC,2020,Chevrolet,Bolt,CA,94111,CA,San Francisco,Francisco,The Embarcadero Battery St,10/26/2019,11:05,1,0,1,0,0,0,0,,2,0,0,1,0,0,0,1,1,0,0,0,0,0,0,0,0,0,0,0,0,0,0,0,0,0,0,0,0,0,0,0,0,0,0,0,2007,Accord,1,0,0,0,0,,2,1,0,0,0,1,0,1,0,0,1,0,0,0,1,"A Cruise autonomous vehicle (“Cruise AV”), operating in autonomous mode, was traveling southeast bound on The Embarcadero near the intersection with Battery Street when the Cruise AV yielded to another vehicle in the left adjacent lane that encroached into the Cruise AV’s lane. The driver of the Cruise AV disengaged from autonomous mode and, shortly thereafter, a second vehicle behind the Cruise AV made contact with the rear bumper of the Cruise AV, damaging the Cruise AV’s right rear bumper, fascia, signal lamp, and radar assembly. There were no injuries reported at the scene by either party and police were not called. Both of the Cruise AV test operators later mentioned neck and back injuries.",1,1,0,0,0,0,0,0,0,0,0,0,0,0,1,1,0,0,0,0,0,0,0,0,1,1,0,0,0,0,0,0,0,0,0,0,0,0,0,0,0,0,0,0,0,0,1,1,0,0,1,1,0,0,0,0,0,0,0,0,0,0,0,0,0,0,0,0,0,0,0,0,0,0,0,0,0,0,0,0,0,0,0,0,0,0,0,0,0,1,0,0,0,0,0,0,0,0,0,0,0,0,0,0,0,0,0,0,0,0,0,0,0,0
Cruise LLC,2020,Chevrolet,Bolt,CA,94123,CA,San Francisco,Francisco,15 Marina Blvd,10/27/2019,1:50,0,1,1,0,0,0,0,,2,0,0,1,0,0,0,0,1,0,0,0,0,0,0,0,0,0,0,0,0,0,0,0,0,0,0,0,0,0,0,0,0,0,0,0,2006,Civic,1,0,0,0,0,,2,0,0,0,0,0,0,0,0,0,0,0,0,0,1,"A Cruise autonomous vehicle (“Cruise AV”) being driven in conventional mode was involved in a collision while traveling in a private parking lot on the block located between Marina Boulevard and North Point Street on the north and south boundaries and Buchanan and Laguna Streets on the west and east boundaries, respectively. While the driver of the Cruise AV reversed out of its diagonal parking spot, another vehicle simultaneously reversing out of its diagonal parking spot on the other side made contact with the right rear corner of the Cruise AV, damaging the Cruise AV’s right rear tail lamp assembly. There were no injuries and police were not called.",1,1,0,0,0,0,0,0,0,0,0,0,0,0,1,1,0,0,0,0,0,0,0,0,1,1,0,0,0,0,0,0,0,0,0,0,0,0,0,0,0,0,0,0,0,0,1,1,0,0,0,0,0,0,0,0,0,0,0,0,0,0,0,0,0,0,0,0,1,1,0,0,0,0,0,0,0,0,0,0,0,0,0,0,0,0,0,0,0,1,0,0,0,0,0,0,0,0,0,0,0,0,0,0,0,0,0,0,0,0,0,0,0,0
Cruise LLC,2020,Chevrolet,Bolt,CA,94103,CA,San Francisco,Francisco,Howard St 9th,10/28/2019,2:42,0,1,1,0,0,1,0,,1,0,1,0,0,0,0,0,0,0,0,0,0,0,0,0,0,0,0,0,0,0,0,0,0,0,0,0,0,0,0,0,0,0,0,0,,unk,1,0,0,1,0,,1,1,0,1,0,0,0,0,0,0,0,0,0,0,1,"A Cruise autonomous vehicle (“Cruise AV”), operating in autonomous mode, was traveling southeast bound on Howard Street near the intersection with 9th Street when a bicyclist in the right adjacent dedicated bike lane veered away from a wayward pedestrian throwing an unknown object in the bicyclist's direction in the crosswalk. The driver of the Cruise AV disengaged from autonomous mode and, shortly thereafter, the bicyclist veered into the Cruise AV's lane and made contact with the right front passenger door of the Cruise AV. No injuries were reported at the scene by either party. Police were called but not dispatched to the scene. The bicyclist later reported injuries.",1,1,0,0,0,0,0,0,0,0,0,0,0,0,1,1,0,0,0,0,0,0,0,0,1,1,0,0,0,0,0,0,0,0,0,0,0,0,0,0,0,0,0,0,0,0,1,1,0,0,1,0,0,0,0,0,0,0,0,0,0,0,0,0,0,0,0,0,0,0,0,0,0,0,0,0,0,0,0,0,0,0,0,1,0,0,0,1,0,0,0,0,0,0,0,0,0,0,0,0,0,0,0,0,0,0,0,0,0,0,0,0,0,0
Cruise LLC,2020,Chevrolet,Bolt,2,,CA,San Francisco,Francisco,Beach St The Embarcadero,10/29/2019,7:52,0,1,1,0,0,0,0,,2,0,1,0,0,0,0,0,0,0,0,0,0,0,0,0,0,0,0,0,0,0,0,0,0,0,0,0,0,0,0,0,0,0,0,0,2010,Prius,1,0,0,0,0,,2,1,0,0,0,1,0,1,0,0,1,0,0,1,0,"A Cruise autonomous vehicle (“Cruise AV”), operating in autonomous mode, was traveling eastbound in a channelized lane on Beach Street near the intersection with The Embarcadero when it stopped at the traffic light and another vehicle behind the Cruise AV made contact with its rear bumper. There were no injuries reported at the scene by either party and police were not called. The Cruise AV test operators sitting in the driver’s seat and in the backseat later mentioned back pain.",1,1,0,0,0,0,0,0,0,0,0,0,0,0,0,0,0,0,1,1,0,0,0,0,1,1,0,0,0,0,0,0,0,0,0,0,0,0,0,0,0,0,0,0,0,0,1,1,1,0,0,1,0,0,0,0,0,0,0,0,0,0,0,0,0,0,0,0,0,0,0,0,0,0,0,0,0,0,0,0,0,0,0,0,0,0,0,0,0,1,0,0,0,0,0,0,0,0,0,0,0,0,0,0,0,0,0,0,0,0,0,0,0,0
Cruise LLC,2020,Chevrolet,Bolt,CA,,CA,San Francisco,Francisco,King St between 2nd 3rd,11/7/2019,8:35,0,1,1,0,0,0,0,,2,0,0,1,0,0,0,0,1,0,0,0,0,0,0,0,0,0,0,0,0,0,0,0,0,0,0,0,0,0,0,0,0,0,0,1,,unk,1,0,0,0,0,,2,0,0,0,0,0,0,0,0,0,0,0,0,1,0,"A Cruise autonomous vehicle (“Cruise AV”), operating in autonomous mode, was traveling southwest bound on King Street between 2nd and 3rd Streets when the Cruise AV slowed down. Shortly thereafter, another vehicle, changing into the Cruise AV’s lane from the right adjacent lane, made contact with the right rear corner of the Cruise AV, damaging the Cruise AV’s right rear fascia and a radar mounting bracket. The driver of the other vehicle left the scene without exchanging information. There were no injuries and police were not called.",1,1,0,0,0,0,0,0,0,0,0,0,0,0,0,0,0,0,1,1,0,0,0,0,1,1,0,0,0,0,0,0,0,0,0,0,0,0,0,0,0,0,0,0,0,0,1,1,0,0,1,0,0,0,0,0,0,0,0,0,0,0,0,0,0,0,0,1,0,0,0,0,0,0,0,0,0,0,0,0,0,0,0,0,0,0,0,0,0,1,0,0,0,0,0,0,0,0,0,0,0,0,0,0,0,0,0,0,0,0,0,0,0,0
Cruise LLC,2020,Chevrolet,Bolt,CA,94110,CA,San Francisco,Francisco,24th St Mission,11/7/2019,9:10,0,1,1,0,0,0,1,,2,0,0,1,0,0,0,0,1,0,0,0,0,0,0,0,0,0,0,0,0,0,0,0,0,0,0,0,0,0,0,0,0,0,0,1,,unk,1,0,0,0,1,Electric Scooter,2,0,0,0,0,0,0,0,0,0,0,0,0,0,1,"A Cruise autonomous vehicle (“Cruise AV”), operating in autonomous mode, was traveling eastbound on 24th Street at the intersection with Mission Street when the Cruise AV yielded to an electric scooterist traveling northbound on Mission Street and violating a red light. The driver of the Cruise AV disengaged from autonomous mode and, shortly thereafter, the electric scooterist made contact with the right rear corner of the Cruise AV, damaging the Cruise AV’s right rear fascia and brake light. The electric scooterist left the scene without exchanging information. There were no injuries and police were not called.",1,1,0,0,0,0,0,0,0,0,0,0,0,0,0,0,0,0,1,1,0,0,0,0,1,1,0,0,0,0,0,0,0,0,0,0,0,0,0,0,0,0,0,0,0,0,1,1,0,0,0,1,0,0,0,0,0,0,0,0,0,0,1,0,0,0,0,0,0,0,0,0,0,0,0,0,0,0,0,0,0,0,0,0,0,0,0,0,0,0,0,1,0,0,0,0,0,0,0,0,0,1,0,0,0,0,0,0,0,0,0,0,0,0
Cruise LLC,2020,Chevrolet,Bolt,CA,94103,CA,San Francisco,Francisco,Howard St 11th,11/9/2019,9:59,1,0,0,1,0,0,0,,3,0,0,1,0,0,1,0,0,0,0,0,0,0,0,0,0,0,0,0,0,0,0,0,0,0,0,0,0,0,0,0,0,0,0,0,2016,Yamaha YZF-R3,1,0,0,0,0,,3,0,0,0,0,0,0,0,0,0,0,0,0,0,1,"A Cruise autonomous vehicle (“Cruise AV”), operating in autonomous mode, was traveling southeast bound on 11th Street between Howard and Folsom Streets when the Cruise AV slowed down for a passing motorcyclist behind it. The driver of the Cruise AV disengaged from autonomous mode and, shortly thereafter, the motorcyclist made contact with the left rear corner of the Cruise AV. The collision resulted in damage to both the Cruise AV and the motorcycle. There were no injuries and police were not called.",1,1,0,0,0,0,0,0,0,0,0,0,0,0,1,1,0,0,0,0,0,0,0,0,1,1,0,0,0,0,0,0,0,0,0,0,0,0,0,0,0,0,0,0,0,0,1,1,0,0,0,0,0,0,0,0,0,0,0,0,0,0,1,0,0,1,0,0,0,0,0,0,0,0,0,0,0,0,0,0,0,0,0,0,0,0,0,1,0,0,0,0,0,0,0,0,0,0,0,0,0,0,0,0,0,0,0,0,0,0,0,0,0,0
Cruise LLC,2020,Chevrolet,Bolt,CA,94109,CA,San Francisco,Francisco,1499 Vallejo St,11/10/2019,12:55,1,0,0,1,0,0,0,,2,0,0,0,1,0,0,0,0,0,0,0,0,1,0,0,0,1,0,0,0,1,0,0,0,0,0,0,0,0,0,0,0,0,0,0,,Tiguan,1,0,0,0,0,,2,0,0,0,0,0,0,0,0,0,0,0,0,0,0,"A Cruise autonomous vehicle (“Cruise AV”) was involved in a collision while parked in conventional mode on the westbound side of Vallejo Street near the intersection with Polk Street. While the Cruise AV was parked parallel to the curb on the street, another vehicle traveling westbound on Vallejo in the left adjacent traffic lane sideswiped and made contact with the left side of the Cruise AV and the parked vehicle in front of the Cruise AV, damaging the Cruise AV’s driver’s side mirror, camera, articulating radar assembly, and doors. The driver of the other vehicle left the scene without exchanging information. There were no injuries and police were not called. ",1,1,0,0,0,0,0,0,0,0,0,0,0,0,0,0,0,0,1,1,0,0,0,0,1,1,0,0,0,0,0,0,0,0,0,0,0,0,0,0,0,0,0,0,0,0,1,1,0,0,0,1,0,0,0,0,0,0,0,0,0,0,0,0,0,0,0,0,0,0,0,0,0,0,0,0,1,0,0,0,0,0,0,0,0,0,0,1,0,0,0,0,0,0,0,0,0,0,0,0,0,0,0,0,0,0,0,0,0,0,0,0,0,0
Cruise LLC,2020,Chevrolet,Bolt,CA,94103,CA,San Francisco,Francisco,13th St Bryant,11/18/2019,9:45,1,0,1,0,0,0,0,,2,0,0,1,0,0,0,0,0,0,0,0,0,0,0,0,0,0,0,0,0,0,0,0,0,1,0,0,0,1,0,0,0,0,0,0,2015,RX350,1,0,0,0,0,,2,0,0,0,0,0,0,0,0,0,0,0,0,0,1,"A Cruise autonomous vehicle (“Cruise AV”) being driven in conventional mode was involved in a collision while traveling eastbound on 13th Street near the intersection with Bryant Street. While pulling up behind another vehicle in the left turn lane, the driver of the Cruise AV accelerated and made contact with the other vehicle’s right rear bumper, damaging the Cruise AV’s front right headlight, front center radar, and radar assembly. There were no injuries and police were not called.",1,1,0,0,0,0,0,0,0,0,0,0,0,0,1,1,0,0,0,0,0,0,0,0,1,1,0,0,0,0,0,0,0,0,0,0,0,0,0,0,0,0,0,0,0,0,1,1,0,0,0,0,0,0,0,0,0,0,0,0,0,0,1,1,0,0,0,0,0,0,0,0,0,0,0,0,0,0,0,0,0,0,0,0,0,0,0,0,1,0,0,0,0,0,0,0,0,0,0,0,0,0,0,0,0,0,0,0,0,0,0,0,0,0
Cruise LLC,2020,Chevrolet,Bolt,CA,94109,CA,San Francisco,Francisco,California St Hyde,11/25/2019,7:00,0,1,0,1,0,0,0,,2,0,0,1,0,0,0,1,1,0,0,0,0,0,0,0,0,0,0,0,0,0,0,0,0,0,0,0,0,0,0,0,0,0,0,0,1999,Ranger,1,0,0,0,0,,2,1,0,0,0,1,0,0,0,0,0,0,0,1,0,"A Cruise autonomous vehicle (“Cruise AV”), operating in autonomous mode, was making a right turn from eastbound California Street onto southbound Hyde Street when another vehicle made contact with the Cruise AV’s rear bumper, damaging the rear fascia and the rear center radars. There were no injuries reported at the scene by either party and police were not called. Days after the collision, the Cruise AV test operator sitting in the driver's seat reported injuries. [originally filed 12/4/2019, amended 12/16/2019]",1,1,0,0,0,0,0,0,0,0,0,0,0,0,0,0,0,0,1,1,0,0,0,0,1,1,0,0,0,0,0,0,0,0,0,0,0,0,0,0,0,0,0,0,0,0,1,1,0,0,0,0,0,0,1,1,0,0,0,0,0,0,0,0,0,0,0,0,0,0,0,0,0,0,0,0,0,0,0,0,0,0,0,0,0,0,0,0,0,1,0,0,0,0,0,0,0,0,0,0,0,0,0,0,0,0,0,0,0,0,0,0,0,0
Cruise LLC,2020,Chevrolet,Bolt,CA,94105,CA,San Francisco,Francisco,Embarcadero St Washington,11/29/2019,10:41,1,0,1,0,0,0,0,,2,0,0,0,1,0,1,1,1,0,0,0,0,0,0,0,0,0,0,0,0,0,0,0,0,0,0,0,0,0,0,0,0,0,0,0,2014,Audi Q4,1,0,0,0,0,,2,1,0,0,0,1,0,1,0,0,1,0,0,0,1,"A Cruise autonomous vehicle (“Cruise AV”), operating in autonomous mode, was traveling southeast bound on The Embarcadero at the intersection with Washington Street when the Cruise AV slowed down. The driver of the Cruise AV disengaged from autonomous mode and, shortly thereafter, another vehicle made contact with the rear bumper of the Cruise AV, damaging the Cruise AV’s rear fascia assembly and radars. There were no injuries reported at the scene by either party and police were not called. Both of the Cruise AV test operators later mentioned neck and back pain.",1,1,0,0,0,0,0,0,0,0,0,0,0,0,1,1,0,0,0,0,0,0,0,0,1,1,0,0,0,0,0,0,0,0,0,0,0,0,0,0,0,0,0,0,0,0,1,1,0,0,1,1,0,0,0,0,0,0,0,0,0,0,0,0,0,0,0,0,0,0,0,0,0,0,0,0,0,0,0,0,0,0,0,0,0,0,0,0,0,1,0,0,0,0,0,0,0,0,0,0,0,0,0,0,0,0,0,0,0,0,0,0,0,0