AV_manufacturer,AVyear,AVmake,AVmodel,AVregloc,AccidentZIPcode,AccidentSTATE,AccidentCOUNTY,AccidentCITY,AccidentADDRESS,AccidentDATE,AccidentTIME,AccidenttimeOFdayAM,AccidenttimeOFdayPM,AVmotionMOVING,AVmotionSTOPPED,AVhitPEDESTRAIN,AVhitBICYCLIST,AVhitOTHERS,AVhitOTHERSspecify,AVnoOFVehicles,AVdamagelevelUNKNOWN,AVdamagelevelNONE,AVdamagelevelMINOR,AVdamagelevelMODERATE,AVdamagelevelMAJOR,AVdamagePartLRC1,AVdamagePartRB,AVdamagePartRRC1,AVdamagePartLRPS1,AVdamagePartLRPS2,AVdamagePartRRPS1,AVdamagePartRRPS2,AVdamagePartLRPS3,AVdamagePartLRPS4,AVdamagePartRRPS3,AVdamagePartRRPS4,AVdamagePartFDS1,AVdamagePartFDS2,AVdamagePartFPS1,AVdamagePartFPS2,AVdamagePartFDS3,AVdamagePartFDS4,AVdamagePartFPS3,AVdamagePartFPS4,AVdamagePartLFC1,AVdamagePartFC1,AVdamagePartRC1,AVdamagePartFRC1,AVdamagePartLFC2,AVdamagePartFB,AVdamagePartFRC2,AVdamagePartLRC2,AVdamagePartLRC3,AVdamagePartRRC2,AVdamagePartRRC3,V2year,V2model,V2motionMOVING,V2motionSTOPPED,V2hitPEDESTRAIN,V2hitBICYCLIST,V2hitOTHERS,V2hitOTHERSspecify,V2noOFVehicles,P1INJURED,P1PROPERTY,P1BICYCLIST,P1PASSENGER,P1DRIVER,P1DECEASED,P2INJURED,P2PROPERTY,P2BICYCLIST,P2PASSENGER,P2DRIVER,P2DECEASED,AccTYPEAuto,AccTYPEConven,AccDETAILS,AccWEATHERCLEARbyAV,AccWEATHERCLEARbyV2,AccWEATHERCLOUDYbyAV,AccWEATHERCLOUDYbyV2,AccWEATHERRAININGbyAV,AccWEATHERRAININGbyV2,AccWEATHERSNOWINGbyAV,AccWEATHERSNOWINGbyV2,AccWEATHERFOGbyAV,AccWEATHERFOGbyV2,AccWEATHEROTHERbyAV,AccWEATHEROTHERbyV2,AccWEATHERWINDbyAV,AccWEATHERWINDbyV2,AccLIGHTHINGDAYLIGHTbyAV,AccLIGHTHINGDAYLIGHTbyV2,AccLIGHTHINGDUSKDAWNbyAV,AccLIGHTHINGDUSKDAWNbyV2,AccLIGHTHINGDARKSTREETLIGHTSbyAV,AccLIGHTHINGDARKSTREETLIGHTSbyV2,AccLIGHTHINGDARKNOSTREETbyAV,AccLIGHTHINGDARKNOSTREETbyV2,AccLIGHTHINGDARKSTREETLIGHTSNOTFUNCTIONINGbyAV,AccLIGHTHINGDARKSTREETLIGHTSNOTFUNCTIONINGbyV2,AccROADSURFACEDRYbyAV,AccROADSURFACEDRYbyV2,AccROADSURFACEWETbyAV,AccROADSURFACEWETbyV2,AccROADSURFACESNOWYICYbyAV,AccROADSURFACESNOWYICYbyV2,AccROADSURFACESLIPPERYbyAV,AccROADSURFACESLIPPERYbyV2,AccROADCONDITIONSHOLESbyAV,AccROADCONDITIONSHOLESbyV2,AccROADCONDITIONSLOOSEMATERIALbyAV,AccROADCONDITIONSLOOSEMATERIALbyV2,AccROADCONDITIONSOBSTRUCTIONbyAV,AccROADCONDITIONSOBSTRUCTIONbyV2,AccROADCONDITIONSCONSTRUCTIONbyAV,AccROADCONDITIONSCONSTRUCTIONbyV2,AccROADCONDITIONSREDUCEDROADWAYWIDTHbyAV,AccROADCONDITIONSREDUCEDROADWAYWIDTHbyV2,AccROADCONDITIONSFLOODEDbyAV,AccROADCONDITIONSFLOODEDbyV2,AccROADCONDITIONSOTHERbyAV,AccROADCONDITIONSOTHERbyV2,AccROADCONDITIONSNOUNUSUALCONDITIONSbyAV,AccROADCONDITIONSNOUNUSUALCONDITIONSbyV2,AccSTATEB4CollisionSTOPPEDbyAV,AccSTATEB4CollisionSTOPPEDbyV2,AccSTATEB4CollisionPROCEEDINGSTRAIGHTbyAV,AccSTATEB4CollisionPROCEEDINGSTRAIGHTbyV2,AccSTATEB4CollisionRANOFFROADbyAV,AccSTATEB4CollisionRANOFFROADbyV2,AccSTATEB4CollisionMAKINGRIGHTTURNbyAV,AccSTATEB4CollisionMAKINGRIGHTTURNbyV2,AccSTATEB4CollisionMAKINGLEFTTURNbyAV,AccSTATEB4CollisionMAKINGLEFTTURNbyV2,AccSTATEB4CollisionMAKINGUTURNbyAV,AccSTATEB4CollisionMAKINGUTURNbyV2,AccSTATEB4CollisionBACKINGbyAV,AccSTATEB4CollisionBACKINGbyV2,AccSTATEB4CollisionSLOWSTOPPINGbyAV,AccSTATEB4CollisionSLOWSTOPPINGbyV2,AccSTATEB4CollisionPASSINGXINGINTOOPPOSLANEVEHICLEbyAV,AccSTATEB4CollisionPASSINGXINGINTOOPPOSLANEVEHICLEbyV2,AccSTATEB4CollisionCHANGINGLANESbyAV,AccSTATEB4Collision CHANGINGLANESbyV2,AccSTATEB4CollisionPARKINGMANUEVERbyAV,AccSTATEB4CollisionPARKINGMANUEVERbyV2,AccSTATEB4CollisionENTERINGTRAFFICbyAV,AccSTATEB4CollisionENTERINGTRAFFICbyV2,AccSTATEB4CollisionUNSAFETURNINGbyAV,AccSTATEB4CollisionUNSAFETURNINGbyV2,AccSTATEB4CollisionXINGINTOOPPOSLANEbyAV,AccSTATEB4CollisionXINGINTOOPPOSLANEbyV2,AccSTATEB4CollisionPARKEDbyAV,AccSTATEB4CollisionPARKEDbyV2,AccSTATEB4CollisionMERGINGbyAV,AccSTATEB4CollisionMERGINGbyV2,AccSTATEB4CollisionTRAVELINGWRONGWAYbyAV,AccSTATEB4CollisionTRAVELINGWRONGWAYbyV2,AccSTATEB4CollisionOTHERbyAV,AccSTATEB4CollisionOTHERbyV2,AccCOLLISIONtypeHEADONbyAV,AccCOLLISIONtypeHEADONbyV2,AccCOLLISIONtypeSIDESWIPEbyAV,AccCOLLISIONtypeSIDESWIPEbyV2,AccCOLLISIONtypeREARENDbyAV,AccCOLLISIONtypeREARENDbyV2,AccCOLLISIONtypeBROADSIDEbyAV,AccCOLLISIONtypeBROADSIDEbyV2,AccCOLLISIONtypeHITOBJECTbyAV,AccCOLLISIONtypeHITOBJECTbyV2,AccCOLLISIONtypeOVERTURNEDbyAV,AccCOLLISIONtypeOVERTURNEDbyV2,AccCOLLISIONtypeVEHICLEORPEDESTRIANbyAV,AccCOLLISIONtypeVEHICLEORPEDESTRIANbyV2,AccCOLLISIONtypeOTHERbyAV,AccCOLLISIONtypeOTHERbyV2,AccOTHERfactorsCVCVIOLATEDYes,AccOTHERfactorsCVCVIOLATEDNo,AccOTHERfactorsVISIONOBSCUREMENT,AccOTHERfactorsINATTENTION,AccOTHERfactorsSTOPGOTRAFFIC,AccOTHERfactorsENTERINGORLEAVINGRAMP,AccOTHERfactorsPREVIOUSCOLLISION,AccOTHERfactorsUNFAMILIARWITHROAD,AccOTHERfactorsDEFECTIVEWEHEQUIPYes,AccOTHERfactorsDEFECTIVEWEHEQUIPNo,AccOTHERfactorsUNINVOLVEDVEHICLE,AccOTHERfactorsOTHER,AccOTHERfactorsNONEAPPARENT,AccOTHERfactorsRUNAWAYVEHICLE
GM Cruise LLC,2020,Chevrolet,Bolt,CA,94117,CA,San Francisco,Francisco,Fell St Fillmore,7/17/2019,3:02,0,1,1,0,0,0,0,,2,0,0,0,1,0,1,1,1,0,0,0,0,0,0,0,0,0,0,0,0,0,0,0,0,0,0,0,0,0,0,0,1,1,1,1,,Explorer,1,0,0,0,0,,2,0,0,0,0,0,0,0,0,0,0,0,0,0,1,"A Cruise autonomous vehicle (“Cruise AV”), operating in autonomous mode, was traveling westbound on Fell Street between Webster and Fillmore Streets when the Cruise AV began to yield to traffic in the left adjacent lane. The driver of the Cruise disengaged from autonomous mode, and shortly thereafter, another vehicle changing into the same lane made contact with the right rear corner of the Cruise AV, damaging the Cruise AV’s rear hatch and window and right rear body and fascia. There were no injuries and police were not called. ",1,1,0,0,0,0,0,0,0,0,0,0,0,0,1,1,0,0,0,0,0,0,0,0,1,1,0,0,0,0,0,0,0,0,0,0,0,0,0,0,0,0,0,0,0,0,1,1,0,0,1,0,0,0,0,0,0,0,0,0,0,0,0,0,0,0,0,1,0,0,0,0,0,0,0,0,0,0,0,0,0,0,0,0,0,0,0,0,0,1,0,0,0,0,0,0,0,0,0,0,0,0,0,0,0,0,0,0,0,0,0,0,0,0
GM Cruise LLC,2020,Chevrolet,Bolt,CA,94105,CA,San Francisco,Francisco,Mission St between 2nd Shaw Alley,7/20/2019,8:58,0,1,1,0,0,0,0,,2,0,0,0,1,0,0,0,1,0,0,0,0,0,0,0,0,0,0,0,0,0,0,0,0,0,0,0,0,0,0,0,0,0,1,1,2017,4Runner,1,0,0,0,0,,2,0,0,0,0,0,0,0,0,0,0,0,0,0,1,"A Cruise autonomous vehicle (“Cruise AV”), operating in autonomous mode, was traveling southwest bound on Mission Street between 1st",0,0,0,0,0,0,0,0,0,0,0,0,0,0,0,0,0,0,0,0,0,0,0,0,0,0,0,0,0,0,0,0,0,0,0,0,0,0,0,0,0,0,0,0,0,0,0,0,0,0,0,0,0,0,0,0,0,0,0,0,0,0,0,0,0,0,0,0,0,0,0,0,0,0,0,0,0,0,0,0,0,0,0,0,0,0,0,0,0,0,0,0,0,0,0,0,0,0,0,0,0,0,0,0,0,0,0,0,0,0,0,0,0,0
GM Cruise LLC,2020,Chevrolet,Bolt,CA,94133,CA,San Francisco,Francisco,Jackson St between Stockton Grant Ave,7/21/2019,6:20,1,0,1,0,0,0,0,,2,0,0,1,0,0,0,0,0,0,0,0,0,0,0,0,0,0,0,0,0,0,0,0,0,1,0,0,0,1,1,1,0,0,0,0,2012,RAV4,0,0,0,0,1,Parked,2,0,0,0,0,0,0,0,0,0,0,0,0,0,1,"A Cruise autonomous vehicle (“Cruise AV”) being driven in conventional mode was involved in a collision while traveling on eastbound Jackson Street between Stockton Street and Grant Avenue. While pulling out of a parking spot on Jackson, the driver of the Cruise AV made contact with another vehicle parked in front of it, damaging the Cruise AV’s front bumper assembly, left headlamp assembly, and left front radar. There were no injuries and police were not called.",1,1,0,0,0,0,0,0,0,0,0,0,0,0,1,1,0,0,0,0,0,0,0,0,1,1,0,0,0,0,0,0,0,0,0,0,0,0,0,0,0,0,0,0,0,0,1,1,0,0,0,0,0,0,0,0,0,0,0,0,0,0,0,0,0,0,0,0,1,0,0,0,0,0,0,0,0,1,0,0,0,0,0,0,0,0,0,0,1,0,0,0,0,0,0,0,0,0,0,0,0,0,0,0,0,0,0,0,0,0,0,0,0,0
GM Cruise LLC,2020,Chevrolet,Bolt,CA,94114,CA,San Francisco,Francisco,Market St at Duboce Ave Church,7/21/2019,9:01,1,0,1,0,0,0,0,,2,0,1,0,0,0,0,0,0,0,0,0,0,0,0,0,0,0,0,0,0,0,0,0,0,0,0,0,0,0,0,0,0,0,0,0,,Sienna,1,0,0,0,0,,2,1,0,0,1,0,0,0,0,0,0,0,0,0,1,"A Cruise autonomous vehicle (“Cruise AV”) being driven in conventional mode was involved in a collision while traveling in a private parking lot on the north side of Market Street near the intersection of Duboce Avenue and Church Street. While the driver of the Cruise AV was proceeding towards the parking lot exit, another vehicle reversing out of its perpendicular parking spot made contact with the front right side of the Cruise AV. Police were not called and no injuries were reported at the scene by either party. The Cruise AV tester sitting in the front passenger seat later mentioned a back injury.",1,1,0,0,0,0,0,0,0,0,0,0,0,0,1,1,0,0,0,0,0,0,0,0,1,1,0,0,0,0,0,0,0,0,0,0,0,0,0,0,0,0,0,0,0,0,1,1,0,0,1,0,0,0,0,0,0,0,0,0,0,0,0,0,0,0,0,0,0,1,0,0,0,0,0,0,0,0,0,0,0,0,0,0,0,0,0,0,0,0,0,1,0,0,0,0,0,0,0,0,0,0,0,0,0,0,0,0,0,0,0,0,0,0
GM Cruise LLC,2020,Chevrolet,Bolt,CA,94109,CA,San Francisco,Francisco,Leavenworth St Geary,8/4/2019,2:32,0,1,1,0,0,0,0,,2,0,0,1,0,0,1,0,0,0,0,0,0,0,0,0,0,0,0,0,0,0,0,0,0,0,0,0,0,0,0,0,0,0,0,0,2018,Fiesta,1,0,0,0,0,,2,1,0,0,0,1,0,0,0,0,0,0,0,0,1,"A Cruise autonomous vehicle (“Cruise AV”), operating in autonomous mode, was traveling northbound on Leavenworth Street between Geary and Post Streets when another vehicle changed from the right adjacent lane to ahead of the Cruise AV without using its left signal. The driver of the Cruise AV disengaged from autonomous mode and, shortly thereafter, a second vehicle made contact with the rear bumper of the Cruise AV, damaging the Cruise AV’s rear bumper mounting bracket. Police were not called and no injuries were reported at the scene by either party. The Cruise AV tester sitting in the driver’s seat later mentioned neck pain.",1,1,0,0,0,0,0,0,0,0,0,0,0,0,1,1,0,0,0,0,0,0,0,0,1,1,0,0,0,0,0,0,0,0,0,0,0,0,0,0,0,0,0,0,0,0,1,1,0,0,1,1,0,0,0,0,0,0,0,0,0,0,0,0,0,0,0,0,0,0,0,0,0,0,0,0,0,0,0,0,0,0,0,0,0,0,0,0,0,1,0,0,0,0,0,0,0,0,0,0,0,0,0,0,0,0,0,0,0,0,0,0,0,0
GM Cruise LLC,2020,Chevrolet,Bolt,CA,94114,CA,San Francisco,Francisco,24th St between Noe Sanchez,8/7/2019,10:23,1,0,0,1,0,0,0,,2,0,0,0,1,0,1,0,0,0,0,0,0,0,0,0,0,0,0,0,0,0,0,0,0,0,0,0,0,0,0,0,1,1,0,0,2000,NPR,1,0,0,0,0,,2,0,0,0,0,0,0,0,0,0,0,0,0,1,0,"A Cruise autonomous vehicle (“Cruise AV”), operating in autonomous mode, was traveling eastbound on 24th Street between Noe and Sanchez Streets when the Cruise AV yielded to a jaywalking pedestrian and for clearance to maneuver around a double-parked vehicle immediately ahead of it. While the Cruise AV waited, another vehicle pulling out of a driveway and into the Cruise AV’s lane made contact with the left rear corner of the Cruise AV, damaging the Cruise AV’s left rear bumper, fender, and radar. There were no injuries and police were not called.",1,1,0,0,0,0,0,0,0,0,0,0,0,0,1,1,0,0,0,0,0,0,0,0,1,1,0,0,0,0,0,0,0,0,0,0,0,0,0,0,0,0,0,0,0,0,1,1,1,0,0,0,0,0,0,0,0,0,0,0,0,0,0,0,0,0,0,0,0,0,0,1,0,0,0,0,0,0,0,0,0,0,0,0,0,0,0,0,0,1,0,0,0,0,0,0,0,0,0,0,0,0,0,0,0,0,0,0,0,0,0,0,0,0
GM Cruise LLC,2020,Chevrolet,Bolt,CA,94114,CA,San Francisco,Francisco,14th St Noe,8/10/2019,11:39,0,1,0,1,0,0,0,,2,0,0,1,0,0,1,0,0,1,0,0,0,0,0,0,0,0,0,0,0,0,0,0,0,0,0,0,0,0,0,0,1,1,0,0,2000,Taurus,1,0,0,0,0,,2,1,0,0,1,0,0,0,0,0,0,0,0,0,1,"A Cruise autonomous vehicle (“Cruise AV”), operating in autonomous mode, was traveling northbound on Noe Street at the intersection with 14th Street when the Cruise AV yielded to a pedestrian in the north crosswalk. The driver of the Cruise AV disengaged from autonomous mode, and shortly thereafter, another vehicle attempting a left turn from southbound Noe onto eastbound 14th made contact with the left rear corner of the Cruise AV, damaging the Cruise AV’s left rear fascia and wheel well. There were no injuries reported at the scene by either party and police were not called. ",1,1,0,0,0,0,0,0,0,0,0,0,0,0,0,0,0,0,1,1,0,0,0,0,1,1,0,0,0,0,0,0,0,0,0,0,0,0,0,0,0,0,0,0,0,0,1,1,0,0,0,0,0,0,0,0,0,1,0,0,0,0,1,0,0,0,0,0,0,0,0,0,0,0,0,0,0,0,0,0,0,0,0,0,0,0,0,0,0,0,0,1,0,0,0,0,0,0,0,0,0,0,0,0,0,0,0,0,0,0,0,0,0,0
GM Cruise LLC,2020,Chevrolet,Bolt,CA,94121,CA,San Francisco,Francisco,Geary Blvd between 33rd Ave 32nd,8/22/2019,1:13,0,1,1,0,0,0,0,,2,0,0,1,0,0,0,0,1,0,0,0,0,0,0,0,0,0,0,0,0,0,0,0,0,0,0,0,0,0,0,0,0,0,0,1,,Chevrolet,1,0,0,0,0,,2,0,0,0,0,0,0,0,0,0,0,0,0,1,0,"A Cruise autonomous vehicle (“Cruise AV”), operating in autonomous mode, was traveling westbound on Geary Boulevard between 32nd and 33rd Avenues when another vehicle, traveling in the right adjacent lane, changed into the same lane as the Cruise AV and made contact with the right rear corner of the Cruise AV, damaging the Cruise AV’s right rear fascia and bumper. There were no injuries and police were not called.",1,1,0,0,0,0,0,0,0,0,0,0,0,0,1,1,0,0,0,0,0,0,0,0,1,1,0,0,0,0,0,0,0,0,0,0,0,0,0,0,0,0,0,0,0,0,1,1,0,0,1,0,0,0,0,0,0,0,0,0,0,0,0,0,0,0,0,1,0,0,0,0,0,0,0,0,0,0,0,0,0,0,0,0,0,0,0,0,0,1,0,0,0,0,0,0,0,0,0,0,0,0,0,0,0,0,0,0,0,0,0,0,0,0
GM Cruise LLC,2020,Chevrolet,Bolt,CA,94103,CA,San Francisco,Francisco,Division St between Potrero Ave Bryant,8/26/2019,9:14,0,1,1,0,0,0,0,,2,0,1,0,0,0,0,0,0,0,0,0,0,0,0,0,0,0,0,0,0,0,0,0,0,0,0,0,0,0,0,0,0,0,0,0,,,1,0,0,0,1,Electric Scooterist,2,1,0,0,0,0,0,0,0,0,0,0,0,0,1,"A Cruise autonomous vehicle (“Cruise AV”), operating in autonomous mode, was traveling westbound on Division Street between Potrero Avenue and Bryant Street when the Cruise AV slowed down in the right turn lane. The driver of the Cruise AV disengaged from autonomous mode, and shortly thereafter, an electric scooterist traveling in the same lane made contact with the rear bumper and fascia of the Cruise AV. The scooterist reported injuries and emergency services and the police arrived at the scene. SFPD incident report number 190633860 was not available at the time of filing of this report.",1,1,0,0,0,0,0,0,0,0,0,0,0,0,0,0,0,0,1,1,0,0,0,0,1,1,0,0,0,0,0,0,0,0,0,0,0,0,0,0,0,0,0,0,0,0,1,1,0,0,0,1,0,0,0,0,0,0,0,0,0,0,1,0,0,0,0,0,0,0,0,0,0,0,0,0,0,0,0,0,0,0,0,0,0,0,0,0,0,1,0,0,0,0,0,0,0,0,0,0,1,0,0,0,0,0,0,0,0,0,0,0,0,0
GM Cruise LLC,2020,Chevrolet,Bolt,CA,94102,CA,San Francisco,Francisco,Haight St Gough,9/5/2019,5:33,0,1,1,0,0,0,0,,2,0,0,1,0,0,0,0,0,0,0,0,1,0,0,0,0,0,0,0,0,0,0,0,0,0,0,0,0,0,0,0,0,0,0,0,,Vespa,1,0,0,0,0,,2,1,0,0,0,1,0,0,0,0,0,0,0,0,1,"A Cruise autonomous vehicle (“Cruise AV”) being driven in conventional mode was involved in a collision after completing a right turn from southwest bound Market Street onto westbound Haight Street at the intersection with Gough Street. As the driver of the Cruise AV proceeded on Haight through Gough, a motor scooterist, proceeding southbound on Gough through the intersection with Haight, made contact with the right rear passenger door of the Cruise AV, denting the door. There were no injuries reported at the scene by either party. Police were called but not dispatched to the scene. Days after the collision, the motor scooterist reported injuries.",1,1,0,0,0,0,0,0,0,0,0,0,0,0,1,1,0,0,0,0,0,0,0,0,1,1,0,0,0,0,0,0,0,0,0,0,0,0,0,0,0,0,0,0,0,0,1,1,0,0,1,1,0,0,0,0,0,0,0,0,0,0,0,0,0,0,0,0,0,0,0,0,0,0,0,0,0,0,0,0,0,0,0,0,0,0,0,0,0,0,0,1,0,0,0,0,0,0,0,0,0,0,0,0,0,0,0,0,0,0,0,0,0,0
GM Cruise LLC,2020,Chevrolet,Bolt,CA,94118,CA,San Francisco,Francisco,Geary Blvd Palm Ave,9/9/2019,4:24,0,1,0,1,0,0,0,,2,0,1,0,0,0,0,0,0,0,0,0,0,0,0,0,0,0,0,0,0,0,0,0,0,0,0,0,0,0,0,0,0,0,0,0,2005,Forester,1,0,0,0,0,,2,1,0,0,1,0,0,0,0,0,0,0,0,1,0,"A Cruise autonomous vehicle (“Cruise AV), operating in autonomous mode, was yielding to oncoming traffic prior to making a left turn onto northbound Palm Avenue from eastbound Geary Boulevard when another vehicle made contact with the rear bumper of the Cruise AV. There were no injuries reported at the scene by either party and police were not called. The Cruise AV tester sitting in the front passenger seat later mentioned neck pain.",1,1,0,0,0,0,0,0,0,0,0,0,0,0,1,1,0,0,0,0,0,0,0,0,1,1,0,0,0,0,0,0,0,0,0,0,0,0,0,0,0,0,0,0,0,0,1,1,1,0,0,0,0,0,0,0,0,1,0,0,0,0,0,0,0,0,0,0,0,0,0,0,0,0,0,0,0,0,0,0,0,0,0,0,0,0,0,0,0,1,0,0,0,0,0,0,0,0,0,0,0,0,0,0,0,0,0,0,0,0,0,0,0,0
GM Cruise LLC,2020,Chevrolet,Bolt,CA,94108,CA,San Francisco,Francisco,Clay St Kearny,9/27/2019,11:49,1,0,0,1,0,0,0,,1,0,0,1,0,0,0,0,0,0,0,0,0,0,0,0,0,0,0,0,0,0,0,0,0,0,0,0,0,0,0,0,0,0,0,1,,unk,1,0,0,1,0,,1,0,0,0,0,0,0,0,0,0,0,0,0,0,1,"A Cruise autonomous vehicle (“Cruise AV”), operating in autonomous mode, was traveling eastbound on Clay Street at the intersection with Kearny Street when the Cruise AV slowed down. The driver of the Cruise AV disengaged from autonomous mode and, shortly thereafter, a bicyclist proceeding straight on northbound Kearny Street made contact with the right rear fender of the Cruise AV, damaging its fender. The bicyclist left the scene without exchanging information. There were no injuries and police were not called.",1,1,0,0,0,0,0,0,0,0,0,0,0,0,1,1,0,0,0,0,0,0,0,0,1,1,0,0,0,0,0,0,0,0,0,0,0,0,0,0,0,0,0,0,0,0,1,1,0,0,0,1,0,0,0,0,0,0,0,0,0,0,1,0,0,0,0,0,0,0,0,0,0,0,0,0,0,0,0,0,0,0,0,0,0,0,0,0,0,0,0,1,0,0,0,0,0,0,0,0,0,0,0,0,0,0,0,0,0,0,0,0,0,0
GM Cruise LLC,2020,Chevrolet,Bolt,CA,94103,CA,San Francisco,Francisco,10th St Bryant,10/3/2019,4:40,0,1,0,1,0,0,1,,1,0,1,0,0,0,0,0,0,0,0,0,0,0,0,0,0,0,0,0,0,0,0,0,0,0,0,0,0,0,0,0,0,0,0,0,,unk .,1,0,0,0,1,scooter,1,1,0,0,0,1,0,0,0,0,0,0,0,1,0,"A Cruise autonomous vehicle (“Cruise AV”), operating in autonomous mode, was traveling northeast bound on Bryant Street between 11th and 10th Streets when the Cruise AV yielded to a parallel parking vehicle ahead on the right. Shortly thereafter, a lane-splitting electric scooterist attempting to change lanes made contact with the left rear corner of the Cruise AV. There were no injuries reported at the scene by either party and police were not called. The electric scooterist later reported injuries.",1,1,0,0,0,0,0,0,0,0,0,0,0,0,1,1,0,0,0,0,0,0,0,0,1,1,0,0,0,0,0,0,0,0,0,0,0,0,0,0,0,0,0,0,0,0,1,1,0,0,0,0,0,0,0,0,0,0,0,0,0,0,1,0,0,0,0,1,0,0,0,0,0,0,0,0,0,0,0,0,0,0,0,0,0,0,0,1,0,0,0,0,0,0,0,0,0,0,0,0,0,0,0,0,0,0,0,0,0,0,0,0,0,0
Cruise LLC,2020,Chevrolet,Bolt,CA,94105,CA,San Francisco,Francisco,Spear St between Howard Folsom,10/12/2019,1:23,0,1,1,0,0,0,0,,2,0,0,1,0,0,0,0,1,0,0,0,0,0,0,0,0,0,0,0,0,0,0,0,0,0,0,0,0,0,0,0,0,0,0,1,,Mazda,1,0,0,0,0,,2,0,0,0,0,0,0,0,0,0,0,0,0,0,1,"A Cruise autonomous vehicle (“Cruise AV”), operating in autonomous mode, was traveling southeast bound on Spear Street between Howard and Folsom Streets when the Cruise AV slowed down to change into the right adjacent lane due to traffic cones ahead. The driver of the Cruise AV disengaged from autonomous mode and, shortly thereafter, a lane-splitting car made contact with the right rear corner of the Cruise AV, damaging the Cruise AV’s right lower tail lamp. The driver of the other vehicle drove away without exchanging information. There were no injuries reported. Police were called but were not dispatched to the scene.",1,1,0,0,0,0,0,0,0,0,0,0,0,0,1,1,0,0,0,0,0,0,0,0,1,1,0,0,0,0,0,0,0,0,0,0,0,0,1,1,0,0,0,0,0,0,0,0,0,0,0,1,0,0,0,0,0,0,0,0,0,0,0,0,0,0,1,0,0,0,0,0,0,0,0,0,0,0,0,0,0,0,0,0,0,0,0,0,0,1,0,0,0,0,0,0,0,0,0,0,0,0,0,0,0,0,0,0,0,0,0,0,0,0
"Lyft , Inc",2017,Ford,Fusion Hybrid,CA,94043,CA,Santa Clara,View,Northbound Shoreline Boulevard Wright Ave,2/28/2019,2:06,0,1,0,1,0,0,0,,2,0,0,1,0,0,1,1,1,0,0,0,0,0,0,0,0,0,0,0,0,0,0,0,0,0,0,0,0,0,0,0,0,0,0,0,2006,Mercedes Benz E Class 4D 2WD 350,1,0,0,0,0,,,0,0,0,0,0,0,0,0,0,0,0,0,0,1,"At approximately 2:06 pm on February 28, 2019, a Lyft Autonomous Vehicle (""Lyft AV""), operating in manual mode, was struck at very low speed from behind by a 3rd party passenger vehicle while waiting to make a protected left turn in Mountain View, CA. The driver of the Lyft AV had been inched forward after being stopped at a red light for approximately 105 seconds on NB Shoreline Boulevard while waiting to make a left turn onto Wright Avenue. The driver of the 3rd party passenger vehicle verbally stated that she had pressed both the accelerator and the brake pedal simultaneously. The Lyft AV sustained minor damage to the rear bumper. The 3rd party passenger vehicle sustained minor damage to the front bumper and grill. No injuries were reported and the police were not notified.",1,1,0,0,0,0,0,0,0,0,0,0,0,0,1,1,0,0,0,0,0,0,0,0,1,1,0,0,0,0,0,0,0,0,0,0,0,0,0,0,0,0,0,0,0,0,1,1,1,0,0,1,0,0,0,0,0,0,0,0,0,0,0,0,0,0,0,0,0,0,0,0,0,0,0,0,0,0,0,0,0,0,0,0,0,1,0,0,1,0,0,0,0,0,0,0,0,0,0,0,0,0,0,0,0,0,0,0,0,0,0,0,0,0
"Lyft , Inc",2018,Ford,Fusion,CA,94306,CA,Santa Clara,Alto,Alma Road approaching Charleston,NaT,8:24,1,0,1,0,0,0,0,,,0,0,1,0,0,0,0,0,0,0,0,0,0,0,0,0,0,0,0,0,0,0,0,0,0,0,0,0,1,1,1,0,0,0,0,2016,Mazda CX-5 Grand Touring 4D UTV,0,1,0,0,0,,2,0,0,0,0,0,0,0,0,0,0,0,0,0,1,"On March 6, 2019 at approximately 8:42 AM, a Lyft Autonomous Vehicle (""Lyft AV""), operating in full manual mode and heading westbound on Alma Street in Palo Alto, made a minor contact with the rear bumper of a 3rd party vehicle during rainy and wet roadway conditions. The driver of the Lyft AV applied the brakes while coming to a stop for traffic before making contact at a very low speed. The Lyft AV sustained minor damage to a front sensor and brake. The 3rd party vehicle appeared to have very minor damage to the bumper but neither driver could confirm at the time. There were no injuries reported and the police were not notified.",0,0,0,0,1,1,0,0,0,0,0,0,0,0,1,1,0,0,0,0,0,0,0,0,0,0,1,1,0,0,0,0,0,0,0,0,0,0,0,0,0,0,0,0,0,0,0,0,0,1,1,0,0,0,0,0,0,0,0,0,0,0,0,0,0,0,0,0,0,0,0,0,0,0,0,0,0,0,0,0,0,0,0,0,1,0,0,0,0,1,0,0,0,0,0,0,0,0,0,0,0,0,0,0,0,0,0,0,0,0,0,0,0,0