AV_manufacturer,AVyear,AVmake,AVmodel,AVregloc,AccidentZIPcode,AccidentSTATE,AccidentCOUNTY,AccidentCITY,AccidentADDRESS,AccidentDATE,AccidentTIME,AccidenttimeOFdayAM,AccidenttimeOFdayPM,AVmotionMOVING,AVmotionSTOPPED,AVhitPEDESTRAIN,AVhitBICYCLIST,AVhitOTHERS,AVhitOTHERSspecify,AVnoOFVehicles,AVdamagelevelUNKNOWN,AVdamagelevelNONE,AVdamagelevelMINOR,AVdamagelevelMODERATE,AVdamagelevelMAJOR,AVdamagePartLRC1,AVdamagePartRB,AVdamagePartRRC1,AVdamagePartLRPS1,AVdamagePartLRPS2,AVdamagePartRRPS1,AVdamagePartRRPS2,AVdamagePartLRPS3,AVdamagePartLRPS4,AVdamagePartRRPS3,AVdamagePartRRPS4,AVdamagePartFDS1,AVdamagePartFDS2,AVdamagePartFPS1,AVdamagePartFPS2,AVdamagePartFDS3,AVdamagePartFDS4,AVdamagePartFPS3,AVdamagePartFPS4,AVdamagePartLFC1,AVdamagePartFC1,AVdamagePartRC1,AVdamagePartFRC1,AVdamagePartLFC2,AVdamagePartFB,AVdamagePartFRC2,AVdamagePartLRC2,AVdamagePartLRC3,AVdamagePartRRC2,AVdamagePartRRC3,V2year,V2model,V2motionMOVING,V2motionSTOPPED,V2hitPEDESTRAIN,V2hitBICYCLIST,V2hitOTHERS,V2hitOTHERSspecify,V2noOFVehicles,P1INJURED,P1PROPERTY,P1BICYCLIST,P1PASSENGER,P1DRIVER,P1DECEASED,P2INJURED,P2PROPERTY,P2BICYCLIST,P2PASSENGER,P2DRIVER,P2DECEASED,AccTYPEAuto,AccTYPEConven,AccDETAILS,AccWEATHERCLEARbyAV,AccWEATHERCLEARbyV2,AccWEATHERCLOUDYbyAV,AccWEATHERCLOUDYbyV2,AccWEATHERRAININGbyAV,AccWEATHERRAININGbyV2,AccWEATHERSNOWINGbyAV,AccWEATHERSNOWINGbyV2,AccWEATHERFOGbyAV,AccWEATHERFOGbyV2,AccWEATHEROTHERbyAV,AccWEATHEROTHERbyV2,AccWEATHERWINDbyAV,AccWEATHERWINDbyV2,AccLIGHTHINGDAYLIGHTbyAV,AccLIGHTHINGDAYLIGHTbyV2,AccLIGHTHINGDUSKDAWNbyAV,AccLIGHTHINGDUSKDAWNbyV2,AccLIGHTHINGDARKSTREETLIGHTSbyAV,AccLIGHTHINGDARKSTREETLIGHTSbyV2,AccLIGHTHINGDARKNOSTREETbyAV,AccLIGHTHINGDARKNOSTREETbyV2,AccLIGHTHINGDARKSTREETLIGHTSNOTFUNCTIONINGbyAV,AccLIGHTHINGDARKSTREETLIGHTSNOTFUNCTIONINGbyV2,AccROADSURFACEDRYbyAV,AccROADSURFACEDRYbyV2,AccROADSURFACEWETbyAV,AccROADSURFACEWETbyV2,AccROADSURFACESNOWYICYbyAV,AccROADSURFACESNOWYICYbyV2,AccROADSURFACESLIPPERYbyAV,AccROADSURFACESLIPPERYbyV2,AccROADCONDITIONSHOLESbyAV,AccROADCONDITIONSHOLESbyV2,AccROADCONDITIONSLOOSEMATERIALbyAV,AccROADCONDITIONSLOOSEMATERIALbyV2,AccROADCONDITIONSOBSTRUCTIONbyAV,AccROADCONDITIONSOBSTRUCTIONbyV2,AccROADCONDITIONSCONSTRUCTIONbyAV,AccROADCONDITIONSCONSTRUCTIONbyV2,AccROADCONDITIONSREDUCEDROADWAYWIDTHbyAV,AccROADCONDITIONSREDUCEDROADWAYWIDTHbyV2,AccROADCONDITIONSFLOODEDbyAV,AccROADCONDITIONSFLOODEDbyV2,AccROADCONDITIONSOTHERbyAV,AccROADCONDITIONSOTHERbyV2,AccROADCONDITIONSNOUNUSUALCONDITIONSbyAV,AccROADCONDITIONSNOUNUSUALCONDITIONSbyV2,AccSTATEB4CollisionSTOPPEDbyAV,AccSTATEB4CollisionSTOPPEDbyV2,AccSTATEB4CollisionPROCEEDINGSTRAIGHTbyAV,AccSTATEB4CollisionPROCEEDINGSTRAIGHTbyV2,AccSTATEB4CollisionRANOFFROADbyAV,AccSTATEB4CollisionRANOFFROADbyV2,AccSTATEB4CollisionMAKINGRIGHTTURNbyAV,AccSTATEB4CollisionMAKINGRIGHTTURNbyV2,AccSTATEB4CollisionMAKINGLEFTTURNbyAV,AccSTATEB4CollisionMAKINGLEFTTURNbyV2,AccSTATEB4CollisionMAKINGUTURNbyAV,AccSTATEB4CollisionMAKINGUTURNbyV2,AccSTATEB4CollisionBACKINGbyAV,AccSTATEB4CollisionBACKINGbyV2,AccSTATEB4CollisionSLOWSTOPPINGbyAV,AccSTATEB4CollisionSLOWSTOPPINGbyV2,AccSTATEB4CollisionPASSINGXINGINTOOPPOSLANEVEHICLEbyAV,AccSTATEB4CollisionPASSINGXINGINTOOPPOSLANEVEHICLEbyV2,AccSTATEB4CollisionCHANGINGLANESbyAV,AccSTATEB4Collision CHANGINGLANESbyV2,AccSTATEB4CollisionPARKINGMANUEVERbyAV,AccSTATEB4CollisionPARKINGMANUEVERbyV2,AccSTATEB4CollisionENTERINGTRAFFICbyAV,AccSTATEB4CollisionENTERINGTRAFFICbyV2,AccSTATEB4CollisionUNSAFETURNINGbyAV,AccSTATEB4CollisionUNSAFETURNINGbyV2,AccSTATEB4CollisionXINGINTOOPPOSLANEbyAV,AccSTATEB4CollisionXINGINTOOPPOSLANEbyV2,AccSTATEB4CollisionPARKEDbyAV,AccSTATEB4CollisionPARKEDbyV2,AccSTATEB4CollisionMERGINGbyAV,AccSTATEB4CollisionMERGINGbyV2,AccSTATEB4CollisionTRAVELINGWRONGWAYbyAV,AccSTATEB4CollisionTRAVELINGWRONGWAYbyV2,AccSTATEB4CollisionOTHERbyAV,AccSTATEB4CollisionOTHERbyV2,AccCOLLISIONtypeHEADONbyAV,AccCOLLISIONtypeHEADONbyV2,AccCOLLISIONtypeSIDESWIPEbyAV,AccCOLLISIONtypeSIDESWIPEbyV2,AccCOLLISIONtypeREARENDbyAV,AccCOLLISIONtypeREARENDbyV2,AccCOLLISIONtypeBROADSIDEbyAV,AccCOLLISIONtypeBROADSIDEbyV2,AccCOLLISIONtypeHITOBJECTbyAV,AccCOLLISIONtypeHITOBJECTbyV2,AccCOLLISIONtypeOVERTURNEDbyAV,AccCOLLISIONtypeOVERTURNEDbyV2,AccCOLLISIONtypeVEHICLEORPEDESTRIANbyAV,AccCOLLISIONtypeVEHICLEORPEDESTRIANbyV2,AccCOLLISIONtypeOTHERbyAV,AccCOLLISIONtypeOTHERbyV2,AccOTHERfactorsCVCVIOLATEDYes,AccOTHERfactorsCVCVIOLATEDNo,AccOTHERfactorsVISIONOBSCUREMENT,AccOTHERfactorsINATTENTION,AccOTHERfactorsSTOPGOTRAFFIC,AccOTHERfactorsENTERINGORLEAVINGRAMP,AccOTHERfactorsPREVIOUSCOLLISION,AccOTHERfactorsUNFAMILIARWITHROAD,AccOTHERfactorsDEFECTIVEWEHEQUIPYes,AccOTHERfactorsDEFECTIVEWEHEQUIPNo,AccOTHERfactorsUNINVOLVEDVEHICLE,AccOTHERfactorsOTHER,AccOTHERfactorsNONEAPPARENT,AccOTHERfactorsRUNAWAYVEHICLE
"Lyft , Inc",2018,Ford,Fusion,CA,94041,CA,Santa Clara,View,739 Pettis Avenue,3/12/2019,4:05,0,1,1,0,0,0,0,,2,0,0,1,0,0,1,0,0,0,0,0,0,0,0,0,0,0,0,0,0,0,0,0,0,0,0,0,0,0,0,0,0,0,0,0,,A4 Audi,0,0,0,0,1,Parked,2,0,0,0,0,0,0,0,0,0,0,0,0,0,1,"On March 12, 2019 at approximately 4:07 pm, a Lyft Autonomous Vehicle (""Lyft AV""), operating at full manual mode, made contact at approximately 2 mph with a parked 3rd party vehicle while reversing during a multi-point turn. There was no driver or passenger present in the 3rd party vehicle. The incident occurred on Pettis Avenue near El Camino Boulevard in Mountain View, CA. Minor damage is limited to the left rear bumper area of the Lyft AV (A010) and the left rear driver's side of the 3rd party, pending further inspection. The owner of the 3rd party vehicle came outside to exchange information with the operators. No injuries were reported and the police were not notified.",1,1,0,0,0,0,0,0,0,0,0,0,0,0,1,1,0,0,0,0,0,0,0,0,1,1,0,0,0,0,0,0,0,0,0,0,0,0,0,0,0,0,0,0,0,0,1,1,0,0,0,0,0,0,0,0,0,0,0,0,1,0,0,0,0,0,0,0,0,0,0,0,0,0,0,0,0,1,0,0,0,0,0,0,0,0,0,0,1,0,0,1,0,0,0,0,0,0,0,0,0,0,0,0,0,0,0,0,0,0,0,0,0,0
"Lyft , Inc",2018,Ford,Fusion,CA,94103,CA,San Francisco,Francisco,Natoma Street 6th,4/11/2019,11:31,1,0,1,0,0,0,0,,2,0,0,1,0,0,0,0,0,0,0,0,0,0,0,0,0,0,0,0,0,0,0,0,0,1,0,0,0,1,0,0,0,0,0,0,2015,Toyota Prius,1,0,0,0,0,,2,0,0,0,0,0,0,0,0,0,0,0,0,0,1,"On April 11, 2019 at approximately 11:31 am, a Lyft Autonomous Vehicle operating in manual mode was involved in an incident with a moving third party vehicle. The incident occurred after making a right turn from Natoma Street and 6th Street in San Francisco, CA. Lyft was proceeding straight in the right lane when the third party vehicle aggressively swerved into the right lane, cutting broadside in front of the Lyft AV, and came to a complete stop, causing unavoidable impact from the Lyft AV at approximately 1 mph. The Lyft AV sustained damage to the front left bumper, fender, and left lidar sensor. The third party vehicle sustained damage to the right rear quarter panel and rear passenger door. Lyft AV operators called 911 due to hostile behavior of the third party driver and emergency vehicles responded to the scene. No injuries were reported by the first responders or the team in the Lyft AV.",1,1,0,0,0,0,0,0,0,0,0,0,0,0,1,1,0,0,0,0,0,0,0,0,1,1,0,0,0,0,0,0,0,0,0,0,0,0,0,0,0,0,0,0,0,0,0,0,0,0,1,0,0,0,0,0,0,0,0,0,0,0,0,0,0,0,0,1,0,0,0,0,0,0,0,0,0,0,0,0,0,0,0,0,1,0,0,1,0,0,0,0,0,0,0,0,0,0,0,0,0,0,0,0,0,0,0,0,0,0,0,0,0,0
"Lyft , Inc",2018,Ford,Fusion,CA,94306,CA,Santa Clara,Alto,NB on San Antonio Rd,5/2/2019,3:50,0,1,0,1,0,0,0,,,0,0,1,0,0,1,1,1,0,0,0,0,0,0,0,0,0,0,0,0,0,0,0,0,0,0,0,0,0,0,0,0,0,0,0,2017,Ford Fusion,1,0,0,0,0,,2,0,0,0,0,0,0,0,0,0,0,0,0,0,1,"At approximately 3:50 pm, the Lyft autonomous vehicle (""Lyft"") was traveling northbound on San Antonio Road in Palo Alto while in manual mode when a third-party vehicle made contact with rear bumper at a very low speed. At the time of contact, was stopped for traffic for approximately 2 seconds during stop and go traffic. No visible damage was noted by either party at the scene. No injuries were reported and local law enforcement was not called.",1,1,0,0,0,0,0,0,0,0,0,0,0,0,1,1,0,0,0,0,0,0,0,0,1,1,0,0,0,0,0,0,0,0,0,0,0,0,0,0,0,0,0,0,0,0,1,1,1,0,0,1,0,0,0,0,0,0,0,0,0,0,0,0,0,0,0,0,0,0,0,0,0,0,0,0,0,0,0,0,0,0,0,0,0,1,0,0,1,0,0,0,0,0,0,0,0,0,0,0,0,0,0,0,0,0,0,0,0,0,0,0,0,0
"Lyft , Inc",2018,Ford,Fusion,CA,94301,CA,Santa Clara,Alto,Medical Foundation Dr El Camino Blvd,11/19/0019,2:04,0,0,0,0,0,0,0,,2,0,0,0,0,0,0,0,0,0,0,0,0,0,0,0,0,0,0,0,0,0,0,0,0,0,0,0,0,0,0,0,0,0,0,0,2019,Outback,0,0,0,0,0,,2,0,0,0,0,0,0,0,0,0,0,0,0,0,0,"On November 19, 2019 at approximately 2:04pm in clear weather, a Lyft Autonomous Vehicle (“Lyft AV”) was travelling at 29.6mph in autonomous mode northbound in the right lane on El Camino Real Blvd in Palo Alto, CA when the Safety Driver commanded manual mode with steering and brake inputs in immediate reaction to the third party vehicle in the adjacent center lane abruptly cutting in to the AV's lane, apparently attempting to make a last-second right turn onto Medical Foundation Drive. Approximately 1.5 seconds later, the third party vehicle collided with AV which was then travelling at 14mph. The third party passenger vehicle made contact with the Lyft AV’s front left lidar sensor and the driver side fender. Damage was limited to the third party’s passenger side door and passenger side fender, and the Lyft AV’s front bumper, left bumper lidar sensor and driver side fender. No injuries were reported and law enforcement was not called.",0,0,0,0,0,0,0,0,0,0,0,0,0,0,0,0,0,0,0,0,0,0,0,0,0,0,0,0,0,0,0,0,0,0,0,0,0,0,0,0,0,0,0,0,0,0,0,0,0,0,0,0,0,0,0,0,0,0,0,0,0,0,0,0,0,0,0,0,0,0,0,0,0,0,0,0,0,0,0,0,0,0,0,0,0,0,0,0,0,0,0,0,0,0,0,0,0,0,0,0,0,0,0,0,0,0,0,0,0,0,0,0,0,0
"Pony.AI , Inc",2018,Lincoln,MKZ,CA,94539,CA,Alameda,,Pine Street at Cameron Hills Drive,06/26/0019,2:26,0,0,0,0,0,0,0,,2,0,0,0,0,0,0,0,0,0,0,0,0,0,0,0,0,0,0,0,0,0,0,0,0,0,0,0,0,0,0,0,0,0,0,0,,Tesla Model 3,0,0,0,0,0,,2,0,0,0,0,0,0,0,0,0,0,0,0,0,0,"A Pony.AI autonomous vehicle (""Pony AV"") in autonomous mode was traveling southbound on Pine Street heading towards Cameron Hills Drive. A passenger vehicle traveling southbound behind the Pony AV crossed the traffic line and entered the northbound lane of Pine Street in an attempt to pass the Pony AV. The Pony AV's speed remained consistent. After passing the Pony AV by about a quarter car length, the passenger vehicle abruptly turned back into the southbound lane of Pine Street such that it was in very close proximity to the front of the Pony AV. The passenger vehicle then suddenly decelerated. The Pony AV's safety driver disengaged autonomous mode and manually applied the brake. As a result of the passenger vehicle's sudden deceleration, the Pony AV's front-left bumper made contact with the back-right bumper of the passenger vehicle causing minor scratches to both vehicles. The safety driver of the Pony AV and the driver of the passenger vehicle stopped to exchange information. No injuries were reported and the police were not called.",0,0,0,0,0,0,0,0,0,0,0,0,0,0,0,0,0,0,0,0,0,0,0,0,0,0,0,0,0,0,0,0,0,0,0,0,0,0,0,0,0,0,0,0,0,0,0,0,0,0,0,0,0,0,0,0,0,0,0,0,0,0,0,0,0,0,0,0,0,0,0,0,0,0,0,0,0,0,0,0,0,0,0,0,0,0,0,0,0,0,0,0,0,0,0,0,0,0,0,0,0,0,0,0,0,0,0,0,0,0,0,0,0,0
"Pony.AI , Inc",2018,Lincoln,MKZ,CA,95035,CA,Alameda,,California Cir & Dixon Landing Rd,7/12/2019,5:00,0,1,0,1,0,0,0,,2,0,0,1,0,0,0,0,0,0,0,0,0,0,0,0,0,0,0,0,0,0,0,0,0,0,0,0,0,0,1,0,0,0,0,0,2011,Civic LX,1,0,0,0,0,,1,0,0,0,0,0,0,0,0,0,0,0,0,0,1,"A Pony.ai autonomous vehicle (""Pony AV"") in autonomous mode was stopped at a red light at the intersection of Dixon Landing Road and California Circle. While stopped at the red light, the Pony AV's safety driver noticed that the reverse lights of the vehicle directly in front of the Pony AV (""Vehicle 2"") were on. The Pony AV's safety driver disengaged autonomous mode, observed that there were no vehicles directly behind it, and reversed 20-30 feet as a precaution. When the traffic light turned green, Vehicle 2 accelerated while still in reverse toward the Pony AV. Vehicle 2 came to a complete stop about 4 feet from the Pony AV's front bumper. After about 2 seconds, however, Vehicle 2 continued to reverse in the direction of the Pony AV, resulting in contact between the two vehicles. The contact caused minor scratches to both vehicles. The Pony AV's safety driver and the driver of Vehicle 2 pulled over at a nearby parking lot and exchanged information. There were no injuries reported and the police were not called.",1,1,0,0,0,0,0,0,0,0,0,0,0,0,1,1,0,0,0,0,0,0,0,0,1,1,0,0,0,0,0,0,0,0,0,0,0,0,0,0,0,0,0,0,0,0,1,1,1,0,0,0,0,0,0,0,0,0,0,0,0,1,0,0,0,0,0,0,0,0,0,0,0,0,0,0,0,0,0,0,0,0,0,0,0,0,0,0,0,0,0,0,0,0,0,0,0,0,0,0,0,0,0,0,0,0,0,0,0,0,0,0,0,0
Waymo LLC,2017,Chrysler,Pacifica,CA,94041,CA,Santa Clara,View,Shoreline Blvd at El Camino Real,1/26/2019,3:24,0,1,0,1,0,0,0,,2,0,0,1,0,0,1,0,0,0,0,0,0,0,0,0,0,0,0,0,0,0,0,0,0,0,0,0,0,0,0,0,0,0,0,0,2014,Toyota RAV4,1,0,0,0,0,,2,0,0,0,0,0,0,0,0,0,0,0,0,0,1,"Per the DMV's request of 02/21/2019, Waymo is resubmitting this OL316 so the DMV's digital version is compliant with accessibility requirements under AB 434. Waymo's original report was submitted on 01/31/2019.",0,0,0,0,0,0,0,0,0,0,0,0,0,0,0,1,0,0,0,0,0,0,0,0,0,1,0,0,0,0,0,0,0,0,0,0,0,0,0,0,0,0,0,0,0,0,0,1,0,1,0,0,0,0,0,0,0,0,0,0,0,0,0,0,0,0,0,0,0,0,0,0,0,0,0,0,0,0,0,0,0,0,0,0,0,0,0,0,0,1,0,0,0,0,0,0,0,0,0,0,0,0,0,0,0,0,0,0,0,0,0,0,0,0
Waymo LLC,2017,Chrysler,Pacifica,CA,94043,CA,Santa Clara,View,Central Expressway Shoreline Boulevard,2/6/2019,9:08,1,0,0,1,0,0,0,,2,0,0,1,0,0,1,1,0,0,0,0,0,0,0,0,0,0,0,0,0,0,0,0,0,0,0,0,0,0,0,0,0,0,0,0,2007,Lexus IS250,1,0,0,0,0,,2,1,0,0,0,1,0,1,0,0,1,0,0,1,0,"Per the DMV's request of 02/21/2019, Waymo is resubmitting this OL316 so the DMV's digital version is compliant with accessibility requirements under AB 434. Waymo's original report was submitted on 02/14/2019.",0,0,0,1,0,0,0,0,0,0,0,0,0,0,0,1,0,0,0,0,0,0,0,0,0,1,0,0,0,0,0,0,0,0,0,0,0,0,0,0,0,0,0,0,0,0,0,1,0,1,0,0,0,0,0,0,0,0,0,0,0,0,0,0,0,0,0,0,0,0,0,0,0,0,0,0,0,0,0,0,0,0,0,0,0,0,0,0,0,1,0,0,0,0,0,0,0,0,0,0,0,0,0,0,0,0,0,0,0,0,0,0,0,0
Waymo LLC,2017,Chrysler,Pacifica,CA,94040,CA,Santa Clara,View,SB Highway 85 at El Camino Real,2/10/2019,4:14,0,1,1,0,0,0,0,,2,0,0,1,0,0,0,0,0,1,0,0,0,1,0,0,0,1,0,0,0,1,0,0,0,0,0,0,0,0,0,0,1,0,0,0,,Chevrolet Traverse,1,0,0,0,0,,2,0,0,0,0,1,0,0,0,0,0,0,0,0,1,"Per the DMV's request of 02/21/2019, Waymo is resubmitting this OL316 so the DMV's digital version is compliant with accessibility requirements under AB 434. Waymo's original report was submitted on 02/19/2019.",0,0,0,0,0,0,0,0,0,0,0,0,0,0,0,1,0,0,0,0,0,0,0,0,0,1,0,0,0,0,0,0,0,0,0,0,0,0,0,0,0,0,0,0,0,0,0,1,0,0,0,0,0,0,0,0,0,0,0,0,0,0,0,0,0,0,0,1,0,0,0,0,0,0,0,0,0,0,0,0,0,0,0,0,0,0,0,1,0,0,0,0,0,0,0,0,0,0,0,0,0,0,0,0,0,0,0,0,0,0,0,0,0,0
Waymo LLC,2017,Chrysler,Pacifica,CA,94024,CA,Santa Clara,Altos,Miramonte Avenue at Covington Road,2/26/2019,6:56,1,0,0,1,0,0,0,,2,0,0,0,0,1,1,1,1,0,0,0,0,0,0,0,0,0,0,0,0,0,0,0,0,0,0,0,0,0,0,0,1,0,0,1,2011,Mazda 3,1,0,0,0,0,,2,0,0,0,0,0,0,0,0,0,0,0,0,1,0,"A Waymo Autonomous Vehicle (“Waymo AV”) was stopped in autonomous mode at the intersection of Miramonte Avenue and Covington Road in Los Altos when it was involved in a collision. The Waymo AV was traveling northbound on Miramonte Avenue, when it reached a four-way stop sign intersection. The Waymo AV stopped to yield to another vehicle at the intersection, at which time a passenger vehicle rear-ended the Waymo AV at approximately 39 MPH. At the time of the collision the Waymo AV had been stopped for approximately 1.5 seconds. The Waymo AV sustained major damage to its rear bumper, rear hatch, and rear quarter panels, and the passenger vehicle sustained major damage to its front bumper, hood, and front quarter panels. First responders attended to the scene, but neither party reported injuries.",0,0,1,1,0,0,0,0,0,0,0,0,0,0,0,0,1,1,0,0,0,0,0,0,0,0,1,1,0,0,0,0,0,0,0,0,0,0,0,0,0,0,0,0,0,0,1,1,1,0,0,1,0,0,0,0,0,0,0,0,0,0,0,0,0,0,0,0,0,0,0,0,0,0,0,0,0,0,0,0,0,0,0,0,0,0,0,0,1,0,0,0,0,0,0,0,0,0,0,0,0,0,0,0,0,0,0,0,0,0,0,0,0,0
Waymo LLC,2017,Chrysler,Pacifica,CA,94303,CA,Santa Clara,Alto,E Charleston Road San Antonio,3/26/2019,9:09,1,0,1,0,0,0,0,,2,0,0,1,0,0,0,1,1,0,0,0,0,0,0,0,0,0,0,0,0,0,0,0,0,0,0,0,0,0,0,0,0,0,0,0,2006,Scion xA,1,0,0,0,0,,2,0,0,0,0,0,0,0,0,0,0,0,0,0,1,"A Waymo Autonomous Vehicle (“Waymo AV”) was traveling in manual mode when it was involved in a collision at the intersection of E. Charleston Road and San Antonio Road in Palo Alto. The Waymo AV was traveling eastbound on E. Charleston Road in manual mode when the test driver made a lane change from the middle lane to the adjacent right lane. As the test driver completed the lane change, the test driver braked before the intersection as the traffic light at San Antonio Road changed from yellow to red. A passenger vehicle then rear-ended the Waymo AV at approximately 15 MPH. The Waymo AV sustained minor damage to the passenger side of the rear bumper, and the passenger vehicle sustained minor damage to the driver side of the front bumper. No injuries were reported at the scene.",1,1,0,0,0,0,0,0,0,0,0,0,0,0,1,1,0,0,0,0,0,0,0,0,0,0,1,1,0,0,0,0,0,0,0,0,0,0,0,0,0,0,0,0,0,0,1,1,0,0,0,1,0,0,0,0,0,0,0,0,0,0,1,0,0,0,0,0,0,0,0,0,0,0,0,0,0,0,0,0,0,0,0,0,0,0,0,0,1,0,0,0,0,0,0,0,0,0,0,0,0,0,0,0,0,0,0,0,0,0,0,0,0,0
Waymo LLC,2017,Chrysler,Pacifica,CA,94041,CA,Santa Clara,View,Shoreline Blvd at El Camino Real,5/15/2019,6:08,1,0,0,1,0,0,0,,2,0,0,1,0,0,0,1,0,0,0,0,0,0,0,0,0,0,0,0,0,0,0,0,0,0,0,0,0,0,0,0,0,0,0,0,1997,Mazda B2300,1,0,0,0,0,,2,1,0,0,0,1,0,1,0,0,1,0,0,1,0,"A Waymo Autonomous Vehicle (“Waymo AV”) in autonomous mode was yielding to check for cross traffic while in the slip lane to turn from southbound Shoreline Boulevard to westbound El Camino Real in Mountain View when it was rear-ended by a passenger vehicle at approximately 5 MPH. The Waymo AV sustained minor damage to its rear bumper, and the passenger vehicle had minor damage to its front bumper. The two Waymo AV operators reported neck/back pain but declined medical attention at the scene.",0,0,1,1,0,0,0,0,0,0,0,0,0,0,1,1,0,0,0,0,0,0,0,0,1,1,0,0,0,0,0,0,0,0,0,0,0,0,0,0,0,0,0,0,0,0,1,1,1,0,0,0,0,0,0,1,0,0,0,0,0,0,0,0,0,0,0,0,0,0,0,0,0,0,0,0,0,0,0,0,0,0,0,0,0,0,0,0,0,1,0,0,0,0,0,0,0,0,0,0,0,0,0,0,0,0,0,0,0,0,0,0,0,0
Waymo LLC,2017,Chrysler,Pacifica,CA,94043,CA,Santa Clara,View,Whisman Station Drive at S Road,5/22/2019,5:23,0,1,0,1,0,0,0,,2,0,0,1,0,0,0,1,0,0,0,0,0,0,0,0,0,0,0,0,0,0,0,0,0,0,0,0,0,0,0,0,0,0,0,0,2015,Lexus IS350,1,0,0,0,0,,2,0,0,0,0,0,0,0,0,0,0,0,0,1,0,"A Waymo Autonomous Vehicle (“Waymo AV”) in autonomous mode was yielding to check for cross traffic while in the slip lane to turn from northbound Whisman Station Drive to southbound S. Whisman Road in Mountain View when it was rear-ended by a passenger vehicle at approximately 7 MPH. The Waymo AV sustained minor damage to its rear bumper, and the passenger vehicle had minor damage to its front bumper. There were no injuries reported at the scene.",0,0,1,1,0,0,0,0,0,0,0,0,0,0,1,1,0,0,0,0,0,0,0,0,1,1,0,0,0,0,0,0,0,0,0,0,0,0,0,0,0,0,0,0,0,0,1,1,1,0,0,0,0,0,0,1,0,0,0,0,0,0,0,0,0,0,0,0,0,0,0,0,0,0,0,0,0,0,0,0,0,0,0,0,0,0,0,0,0,1,0,0,0,0,0,0,0,0,0,0,0,0,0,0,0,0,0,0,0,0,0,0,0,0
Waymo LLC,2017,Chrysler,Pacifica,CA,94303,CA,Santa Clara,Alto,San Antonio Road at Charleston,5/29/2019,4:07,0,1,0,1,0,0,0,,2,0,0,1,0,0,0,1,0,0,0,0,0,0,0,0,0,0,0,0,0,0,0,0,0,0,0,0,0,0,0,0,0,0,0,0,,Honda Civic,1,0,0,0,0,,2,0,0,0,0,0,0,0,0,0,0,0,0,1,0,"A Waymo Autonomous Vehicle (“Waymo AV”) in autonomous mode was stopped in traffic while in the leftmost lane on southbound San Antonio Road headed toward Charleston Road in Palo Alto when it was rear-ended by a passenger vehicle maneuvering into the Waymo AV’s lane at approximately less than 1 MPH. The Waymo AV sustained minor scratches to its rear sensor, and the passenger vehicle left the scene. There were no injuries reported at the scene.",1,1,0,0,0,0,0,0,0,0,0,0,0,0,1,1,0,0,0,0,0,0,0,0,1,1,0,0,0,0,0,0,0,0,0,0,0,0,0,0,0,0,0,0,0,0,1,1,1,0,0,1,0,0,0,0,0,0,0,0,0,0,0,0,0,0,0,0,0,0,0,0,0,0,0,0,0,0,0,0,0,0,0,0,0,0,0,0,0,1,0,0,0,0,0,0,0,0,0,0,0,0,0,0,0,0,0,0,0,0,0,0,0,0
Waymo LLC,2017,Chrysler,Pacifica,CA,94301,CA,Santa Clara,Alto,Alma Street at Oregon Expressway,6/16/2019,11:30,1,0,0,1,0,0,0,,2,0,0,1,0,0,1,1,0,0,0,0,0,0,0,0,0,0,0,0,0,0,0,0,0,0,0,0,0,0,0,0,0,0,0,0,,Honda Accord,1,0,0,0,0,,2,1,0,0,0,1,0,0,0,0,0,0,0,1,0,"A Waymo Autonomous Vehicle (“Waymo AV”) was stopped in autonomous mode on the off-ramp from westbound Alma Street to southbound Oregon Expressway in Palo Alto when it was rear-ended. The Waymo AV was yielding to cross-traffic when a passenger vehicle made contact with the Waymo AV’s rear bumper at approximately 5 MPH. The Waymo AV sustained minor damage to the rear bumper, and the passenger vehicle left the scene without stopping or exchanging information. The Waymo AV driver complained of neck, back, and nose pain and was treated at the scene by emergency responders. ",1,1,0,0,0,0,0,0,0,0,0,0,0,0,1,1,0,0,0,0,0,0,0,0,1,1,0,0,0,0,0,0,0,0,0,0,0,0,0,0,0,0,0,0,0,0,1,1,1,0,0,1,0,0,0,0,0,0,0,0,0,0,0,0,0,0,0,0,0,0,0,0,0,0,0,0,0,0,0,0,0,0,0,0,0,0,0,0,0,1,0,0,0,0,0,0,0,0,0,0,0,0,0,0,0,1,0,0,0,0,0,0,0,0