AV_manufacturer,AVyear,AVmake,AVmodel,AVregloc,AccidentZIPcode,AccidentSTATE,AccidentCOUNTY,AccidentCITY,AccidentADDRESS,AccidentDATE,AccidentTIME,AccidenttimeOFdayAM,AccidenttimeOFdayPM,AVmotionMOVING,AVmotionSTOPPED,AVhitPEDESTRAIN,AVhitBICYCLIST,AVhitOTHERS,AVhitOTHERSspecify,AVnoOFVehicles,AVdamagelevelUNKNOWN,AVdamagelevelNONE,AVdamagelevelMINOR,AVdamagelevelMODERATE,AVdamagelevelMAJOR,AVdamagePartLRC1,AVdamagePartRB,AVdamagePartRRC1,AVdamagePartLRPS1,AVdamagePartLRPS2,AVdamagePartRRPS1,AVdamagePartRRPS2,AVdamagePartLRPS3,AVdamagePartLRPS4,AVdamagePartRRPS3,AVdamagePartRRPS4,AVdamagePartFDS1,AVdamagePartFDS2,AVdamagePartFPS1,AVdamagePartFPS2,AVdamagePartFDS3,AVdamagePartFDS4,AVdamagePartFPS3,AVdamagePartFPS4,AVdamagePartLFC1,AVdamagePartFC1,AVdamagePartRC1,AVdamagePartFRC1,AVdamagePartLFC2,AVdamagePartFB,AVdamagePartFRC2,AVdamagePartLRC2,AVdamagePartLRC3,AVdamagePartRRC2,AVdamagePartRRC3,V2year,V2model,V2motionMOVING,V2motionSTOPPED,V2hitPEDESTRAIN,V2hitBICYCLIST,V2hitOTHERS,V2hitOTHERSspecify,V2noOFVehicles,P1INJURED,P1PROPERTY,P1BICYCLIST,P1PASSENGER,P1DRIVER,P1DECEASED,P2INJURED,P2PROPERTY,P2BICYCLIST,P2PASSENGER,P2DRIVER,P2DECEASED,AccTYPEAuto,AccTYPEConven,AccDETAILS,AccWEATHERCLEARbyAV,AccWEATHERCLEARbyV2,AccWEATHERCLOUDYbyAV,AccWEATHERCLOUDYbyV2,AccWEATHERRAININGbyAV,AccWEATHERRAININGbyV2,AccWEATHERSNOWINGbyAV,AccWEATHERSNOWINGbyV2,AccWEATHERFOGbyAV,AccWEATHERFOGbyV2,AccWEATHEROTHERbyAV,AccWEATHEROTHERbyV2,AccWEATHERWINDbyAV,AccWEATHERWINDbyV2,AccLIGHTHINGDAYLIGHTbyAV,AccLIGHTHINGDAYLIGHTbyV2,AccLIGHTHINGDUSKDAWNbyAV,AccLIGHTHINGDUSKDAWNbyV2,AccLIGHTHINGDARKSTREETLIGHTSbyAV,AccLIGHTHINGDARKSTREETLIGHTSbyV2,AccLIGHTHINGDARKNOSTREETbyAV,AccLIGHTHINGDARKNOSTREETbyV2,AccLIGHTHINGDARKSTREETLIGHTSNOTFUNCTIONINGbyAV,AccLIGHTHINGDARKSTREETLIGHTSNOTFUNCTIONINGbyV2,AccROADSURFACEDRYbyAV,AccROADSURFACEDRYbyV2,AccROADSURFACEWETbyAV,AccROADSURFACEWETbyV2,AccROADSURFACESNOWYICYbyAV,AccROADSURFACESNOWYICYbyV2,AccROADSURFACESLIPPERYbyAV,AccROADSURFACESLIPPERYbyV2,AccROADCONDITIONSHOLESbyAV,AccROADCONDITIONSHOLESbyV2,AccROADCONDITIONSLOOSEMATERIALbyAV,AccROADCONDITIONSLOOSEMATERIALbyV2,AccROADCONDITIONSOBSTRUCTIONbyAV,AccROADCONDITIONSOBSTRUCTIONbyV2,AccROADCONDITIONSCONSTRUCTIONbyAV,AccROADCONDITIONSCONSTRUCTIONbyV2,AccROADCONDITIONSREDUCEDROADWAYWIDTHbyAV,AccROADCONDITIONSREDUCEDROADWAYWIDTHbyV2,AccROADCONDITIONSFLOODEDbyAV,AccROADCONDITIONSFLOODEDbyV2,AccROADCONDITIONSOTHERbyAV,AccROADCONDITIONSOTHERbyV2,AccROADCONDITIONSNOUNUSUALCONDITIONSbyAV,AccROADCONDITIONSNOUNUSUALCONDITIONSbyV2,AccSTATEB4CollisionSTOPPEDbyAV,AccSTATEB4CollisionSTOPPEDbyV2,AccSTATEB4CollisionPROCEEDINGSTRAIGHTbyAV,AccSTATEB4CollisionPROCEEDINGSTRAIGHTbyV2,AccSTATEB4CollisionRANOFFROADbyAV,AccSTATEB4CollisionRANOFFROADbyV2,AccSTATEB4CollisionMAKINGRIGHTTURNbyAV,AccSTATEB4CollisionMAKINGRIGHTTURNbyV2,AccSTATEB4CollisionMAKINGLEFTTURNbyAV,AccSTATEB4CollisionMAKINGLEFTTURNbyV2,AccSTATEB4CollisionMAKINGUTURNbyAV,AccSTATEB4CollisionMAKINGUTURNbyV2,AccSTATEB4CollisionBACKINGbyAV,AccSTATEB4CollisionBACKINGbyV2,AccSTATEB4CollisionSLOWSTOPPINGbyAV,AccSTATEB4CollisionSLOWSTOPPINGbyV2,AccSTATEB4CollisionPASSINGXINGINTOOPPOSLANEVEHICLEbyAV,AccSTATEB4CollisionPASSINGXINGINTOOPPOSLANEVEHICLEbyV2,AccSTATEB4CollisionCHANGINGLANESbyAV,AccSTATEB4Collision CHANGINGLANESbyV2,AccSTATEB4CollisionPARKINGMANUEVERbyAV,AccSTATEB4CollisionPARKINGMANUEVERbyV2,AccSTATEB4CollisionENTERINGTRAFFICbyAV,AccSTATEB4CollisionENTERINGTRAFFICbyV2,AccSTATEB4CollisionUNSAFETURNINGbyAV,AccSTATEB4CollisionUNSAFETURNINGbyV2,AccSTATEB4CollisionXINGINTOOPPOSLANEbyAV,AccSTATEB4CollisionXINGINTOOPPOSLANEbyV2,AccSTATEB4CollisionPARKEDbyAV,AccSTATEB4CollisionPARKEDbyV2,AccSTATEB4CollisionMERGINGbyAV,AccSTATEB4CollisionMERGINGbyV2,AccSTATEB4CollisionTRAVELINGWRONGWAYbyAV,AccSTATEB4CollisionTRAVELINGWRONGWAYbyV2,AccSTATEB4CollisionOTHERbyAV,AccSTATEB4CollisionOTHERbyV2,AccCOLLISIONtypeHEADONbyAV,AccCOLLISIONtypeHEADONbyV2,AccCOLLISIONtypeSIDESWIPEbyAV,AccCOLLISIONtypeSIDESWIPEbyV2,AccCOLLISIONtypeREARENDbyAV,AccCOLLISIONtypeREARENDbyV2,AccCOLLISIONtypeBROADSIDEbyAV,AccCOLLISIONtypeBROADSIDEbyV2,AccCOLLISIONtypeHITOBJECTbyAV,AccCOLLISIONtypeHITOBJECTbyV2,AccCOLLISIONtypeOVERTURNEDbyAV,AccCOLLISIONtypeOVERTURNEDbyV2,AccCOLLISIONtypeVEHICLEORPEDESTRIANbyAV,AccCOLLISIONtypeVEHICLEORPEDESTRIANbyV2,AccCOLLISIONtypeOTHERbyAV,AccCOLLISIONtypeOTHERbyV2,AccOTHERfactorsCVCVIOLATEDYes,AccOTHERfactorsCVCVIOLATEDNo,AccOTHERfactorsVISIONOBSCUREMENT,AccOTHERfactorsINATTENTION,AccOTHERfactorsSTOPGOTRAFFIC,AccOTHERfactorsENTERINGORLEAVINGRAMP,AccOTHERfactorsPREVIOUSCOLLISION,AccOTHERfactorsUNFAMILIARWITHROAD,AccOTHERfactorsDEFECTIVEWEHEQUIPYes,AccOTHERfactorsDEFECTIVEWEHEQUIPNo,AccOTHERfactorsUNINVOLVEDVEHICLE,AccOTHERfactorsOTHER,AccOTHERfactorsNONEAPPARENT,AccOTHERfactorsRUNAWAYVEHICLE
Waymo LLC,2017,Chrysler,Pacifica,CA,94040,CA,Santa Clara,View,Escuela Avenue El Camino Real,7/8/2019,3:10,0,1,0,1,0,0,0,,2,0,0,1,0,0,0,0,0,0,0,0,0,0,0,0,0,0,0,0,0,0,0,0,1,0,0,0,0,0,0,0,0,0,0,0,2018,Toyota 86,1,0,0,0,0,,2,0,0,0,0,0,0,0,0,0,0,0,0,1,0,"A Waymo Autonomous Vehicle (“Waymo AV”) was stopped in autonomous mode on southbound Escuela Avenue at El Camino Real in Mountain View when it was side-swiped. The Waymo AV was stopped in traffic at a red light when a passenger vehicle attempted to pass the Waymo AV on the right, and made contact with a sensor on the Waymo AV’s passenger side front fender at approximately 1 MPH. The Waymo AV’s sensor housing sustained a minor scratch, and the passenger vehicle sustained a minor scratch to its driver side mirror. There were no injuries reported at the scene. ",1,1,0,0,0,0,0,0,0,0,0,0,0,0,1,1,0,0,0,0,0,0,0,0,1,1,0,0,0,0,0,0,0,0,0,0,0,0,0,0,0,0,0,0,0,0,1,1,1,0,0,0,0,0,0,0,0,0,0,0,0,0,0,0,0,1,0,0,0,0,0,0,0,0,0,0,0,0,0,0,0,0,0,0,0,0,0,1,0,0,0,0,0,0,0,0,0,0,0,0,0,0,0,0,0,0,0,0,0,0,0,0,0,0
Waymo LLC,2017,Chrysler,Pacifica,CA,94043,CA,Santa Clara,View,Central Expressway at Thompson Avenue,7/16/2019,4:44,0,1,0,1,0,0,0,,2,0,0,1,0,0,0,1,0,0,0,0,0,0,0,0,0,0,0,0,0,0,0,0,0,0,0,0,0,0,0,0,0,0,0,0,,Buick LeSabre,1,0,0,0,0,,2,0,0,0,0,0,0,0,0,0,0,0,0,0,1,"A Waymo Autonomous Vehicle (“Waymo AV”) was stopped in manual mode on southbound Central Expressway approaching Thompson Avenue in Mountain View when it was rear-ended. The Waymo AV was stopped in traffic when a passenger vehicle made contact with a sensor on the Waymo AV’s rear bumper at approximately less than 1 MPH. The Waymo AV’s sensor sustained minor damage, and the passenger vehicle left the scene without exchanging information. There were no injuries reported at the scene. ",1,1,0,0,0,0,0,0,0,0,0,0,0,0,1,1,0,0,0,0,0,0,0,0,1,1,0,0,0,0,0,0,0,0,0,0,0,0,0,0,0,0,0,0,0,0,1,1,1,0,0,1,0,0,0,0,0,0,0,0,0,0,0,0,0,0,0,0,0,0,0,0,0,0,0,0,0,0,0,0,0,0,0,0,0,0,0,0,0,1,0,0,0,0,0,0,0,0,0,0,0,0,0,0,0,0,0,0,0,0,0,0,0,0
Waymo LLC,2017,Chrysler,Pacifica,CA,94301,CA,Santa Clara,Alto,Alma Street at Oregon Expressway,8/9/2019,7:45,1,0,1,0,0,0,0,,2,0,0,1,0,0,1,1,0,0,0,0,0,0,0,0,0,0,0,0,0,0,0,0,0,0,0,0,0,0,0,0,0,0,0,0,2018,Subaru Outback,1,0,0,0,0,,2,0,0,0,0,0,0,0,0,0,0,0,0,1,0,"A Waymo Autonomous Vehicle (“Waymo AV”) was in autonomous mode on the off-ramp from eastbound Alma Street to southbound Oregon Expressway in Palo Alto when it was rear-ended. The Waymo AV was traveling approximately less than 1 MPH and yielding to cross-traffic when a passenger vehicle made contact with the Waymo AV’s rear bumper at approximately 5 MPH. The Waymo AV sustained minor damage to the rear bumper, and the passenger vehicle sustained minor damage to its front bumper. There were no injuries reported at the scene. ",1,1,0,0,0,0,0,0,0,0,0,0,0,0,1,1,0,0,0,0,0,0,0,0,1,1,0,0,0,0,0,0,0,0,0,0,0,0,0,0,0,0,0,0,0,0,1,1,0,0,0,1,0,0,0,0,0,0,0,0,0,0,0,0,0,0,0,0,0,0,0,0,0,0,0,0,0,0,1,0,0,0,0,0,0,0,0,0,0,1,0,0,0,0,0,0,0,0,0,0,0,0,0,0,0,1,0,0,0,0,0,0,0,0
Waymo LLC,2017,Chrysler,Pacifica,CA,94043,CA,Santa Clara,View,N Shoreline Boulevard at W Middlefield Road,8/9/2019,9:56,1,0,0,1,0,1,0,,1,0,0,1,0,0,1,0,0,0,0,0,0,0,0,0,0,0,0,0,0,0,0,0,0,0,0,0,0,0,0,0,0,0,0,0,,Bicycle,1,0,0,1,0,,1,0,0,0,0,0,0,0,0,0,0,0,0,1,0,"A Waymo Autonomous Vehicle (“Waymo AV”) was stopped in autonomous mode on southbound N. Shoreline Boulevard at W. Middlefield Road in Mountain View when a bicyclist made contact with the side of the Waymo AV. The Waymo AV was traveling in the far right lane on N. Shoreline Boulevard and slowing for a red light at W. Middlefield Road, when a bicyclist began to cross all lanes of traffic from the east side of N. Shoreline Boulevard to the west side of the boulevard, in a diagonal manner, against the flow of traffic. As the bicyclist approached the Waymo AV, the Waymo AV began braking for the bicyclist. As the Waymo AV came to a stop, the bicyclist then made contact with the driver’s side rear quarter panel of the Waymo AV at approximately 8 MPH. The Waymo AV sustained minor scratches to the driver’s side rear taillight, and the bicyclist, remaining upright, appeared to sustain no damage or injuries as they cycled away from the scene without exchanging information.",1,1,0,0,0,0,0,0,0,0,0,0,0,0,1,1,0,0,0,0,0,0,0,0,1,1,0,0,0,0,0,0,0,0,0,0,0,0,0,0,0,0,0,0,0,0,1,1,0,0,0,0,0,0,0,0,0,0,0,0,0,0,1,0,0,0,0,0,0,0,0,0,0,1,0,0,0,0,0,0,0,0,0,0,0,0,0,0,0,0,0,1,0,0,0,0,0,0,0,0,0,0,0,0,0,0,0,0,0,0,0,0,0,0
Waymo LLC,2017,Chrysler,Pacifica,CA,94040,CA,Santa Clara,View,S Rengstorff Avenue at Crisanto,8/12/2019,8:15,1,0,1,0,0,0,0,,2,0,0,1,0,0,1,1,1,0,0,0,0,0,0,0,0,0,0,0,0,0,0,0,0,0,0,0,0,0,0,0,0,0,0,0,2016,Subaru Forester,1,0,0,0,0,,2,0,0,0,0,0,0,0,0,0,0,0,0,1,0,"A Waymo Autonomous Vehicle (“Waymo AV”) was in autonomous mode on northbound S. Rengstorff Avenue at Crisanto Avenue in Mountain View when it was rear-ended. After starting to proceed following a red-to-green traffic light change, the Waymo AV yielded to a bicyclist who merged from the bike lane into the Waymo AV’s travel lane, and a passenger vehicle then made contact with the rear bumper of the Waymo AV. The passenger vehicle was traveling at approximately 8 MPH, and the Waymo AV was traveling at approximately 3 MPH. The Waymo AV sustained minor damage to its rear bumper, and the passenger vehicle sustained minor damage to its front bumper. There were no injuries reported at the scene.",1,1,0,0,0,0,0,0,0,0,0,0,0,0,1,1,0,0,0,0,0,0,0,0,1,1,0,0,0,0,0,0,0,0,0,0,0,0,0,0,0,0,0,0,0,0,1,1,0,0,1,1,0,0,0,0,0,0,0,0,0,0,0,0,0,0,0,0,0,0,0,0,0,0,0,0,0,0,0,0,0,0,0,0,0,0,0,0,0,1,0,0,0,0,0,0,0,0,0,0,0,0,0,0,0,0,0,0,0,0,0,0,0,0
Waymo LLC,2017,Chrysler,Pacifica,CA,94306,CA,Santa Clara,Alto,Page Mill Road at Oregon Expressway,8/13/2019,4:31,0,1,0,1,0,0,0,,2,0,0,1,0,0,1,1,0,0,0,0,0,0,0,0,0,0,0,0,0,0,0,0,0,0,0,0,0,0,0,0,0,0,0,0,2009,Nissan Sentra,1,0,0,0,0,,2,1,0,0,0,1,0,1,0,0,1,0,0,0,1,"A Waymo Autonomous Vehicle (“Waymo AV”) was stopped in manual mode in the sliplane from southbound Page Mill Road to northbound Oregon Expressway in Palo Alto when it was rear-ended. The Waymo AV test driver was yielding to approaching traffic when a passenger vehicle made contact with the Waymo AV’s rear bumper at approximately 12 MPH. The Waymo AV sustained minor damage to its rear bumper, and the passenger vehicle sustained minor damage to its front bumper. The Waymo AV test driver and co-driver both reported head and neck pain, but declined medical treatment at the scene. No other injuries were reported. ",1,1,0,0,0,0,0,0,0,0,0,0,0,0,1,1,0,0,0,0,0,0,0,0,1,1,0,0,0,0,0,0,0,0,0,0,0,0,0,0,0,0,0,0,0,0,1,1,1,0,0,1,0,0,0,0,0,0,0,0,0,0,0,0,0,0,0,0,0,0,0,0,0,0,0,0,0,0,0,0,0,0,0,0,0,0,0,0,0,1,0,0,0,0,0,0,0,0,0,0,0,0,0,0,0,0,0,0,0,0,0,0,0,0
Waymo LLC,2017,Chrysler,Pacifica,CA,94022,CA,Santa Clara,Altos,4800 El Camino Real,9/14/2019,2:12,0,1,0,1,0,0,0,,2,0,0,1,0,0,0,0,0,0,0,0,1,0,0,0,0,0,0,0,0,0,0,0,0,0,0,0,0,0,0,0,0,0,0,1,2019,Hyundai Ioniq,1,0,0,0,0,,2,0,0,0,0,0,0,0,0,0,0,0,0,1,0,"A Waymo Autonomous Vehicle (“Waymo AV”) was stopped in autonomous mode in a grocery store parking lot in Los Altos when a passenger vehicle reversed into it. Three passengers were exiting the Waymo AV when the passenger vehicle in the right adjacent parking spot began to reverse out of the parking spot and made contact with the Waymo AV’s passenger side rear quarter panel at approximately 1 MPH. The Waymo AV sustained minor damage to its passenger side sliding rear door and rear quarter panel, and the passenger vehicle sustained minor damage to its rear bumper. No injuries were reported. ",1,1,0,0,0,0,0,0,0,0,0,0,0,0,1,1,0,0,0,0,0,0,0,0,1,1,0,0,0,0,0,0,0,0,0,0,0,0,0,0,0,0,0,0,0,0,1,1,1,0,0,0,0,0,0,0,0,0,0,0,0,1,0,0,0,0,0,0,0,0,0,0,0,0,0,0,0,0,0,0,0,0,0,0,0,0,0,0,0,0,0,1,0,0,0,0,0,0,0,0,0,0,0,0,0,0,0,0,0,0,0,0,0,0
Waymo LLC,2017,Chrysler,Pacifica,CA,94043,CA,Santa Clara,View,Rengstorff Avenue at Central Expressway,10/10/2019,12:58,0,1,0,1,0,0,0,,2,0,0,1,0,0,1,1,0,0,0,0,0,0,0,0,0,0,0,0,0,0,0,0,0,0,0,0,0,0,0,0,0,0,0,0,,Toyota Sienna,1,0,0,0,0,,2,0,0,0,0,0,0,0,0,0,0,0,0,1,0,"A Waymo Autonomous Vehicle (“Waymo AV”) was stopped in autonomous mode in traffic at a red light on southbound Rengstorff Avenue at Central Expressway in Mountain View when it was rear-ended by a passenger vehicle. The passenger vehicle made contact with the Waymo AV’s rear bumper at approximately 1 MPH. The Waymo AV sustained minor damage to its rear bumper, and the passenger vehicle sustained minor damage to its front bumper. No injuries were reported. ",1,1,0,0,0,0,0,0,0,0,0,0,0,0,1,1,0,0,0,0,0,0,0,0,1,1,0,0,0,0,0,0,0,0,0,0,0,0,0,0,0,0,0,0,0,0,1,1,1,0,0,1,0,0,0,0,0,0,0,0,0,0,0,0,0,0,0,0,0,0,0,0,0,0,0,0,0,0,0,0,0,0,0,0,0,0,0,0,0,1,0,0,0,0,0,0,0,0,0,0,0,0,0,0,0,0,0,0,0,0,0,0,0,0
Waymo LLC,2017,Chrysler,Pacifica,CA,94022,CA,Santa Clara,Altos,Cuesta Drive at S San Antonio Road,10/14/2019,9:03,0,1,0,1,0,0,0,,2,0,0,1,0,0,0,1,0,0,0,0,0,0,0,0,0,0,0,0,0,0,0,0,0,0,0,0,0,0,0,0,0,0,0,0,2019,Nissan NV200S,1,0,0,0,0,,2,0,0,0,0,0,0,0,0,0,0,0,0,1,0,"A Waymo Autonomous Vehicle (“Waymo AV”) was stopped in autonomous mode on westbound Cuesta Drive at S. San Antonio Road in Los Altos when it was rear-ended. The Waymo AV was preparing to make a right-on-red from Cuesta Drive onto northbound S. San Antonio Road and was yielding to cross-traffic when a passenger vehicle made contact with the Waymo AV's rear bumper at approximately 3 MPH. The Waymo AV sustained minor damage to its rear bumper, and the passenger vehicle sustained no damage to its front bumper. No injuries were reported. ",1,1,0,0,0,0,0,0,0,0,0,0,0,0,0,0,0,0,1,1,0,0,0,0,1,1,0,0,0,0,0,0,0,0,0,0,0,0,0,0,0,0,0,0,0,0,1,1,1,0,0,0,0,0,0,1,0,0,0,0,0,0,0,0,0,0,0,0,0,0,0,0,0,0,0,0,0,0,0,0,0,0,0,0,0,0,0,0,0,1,0,0,0,0,0,0,0,0,0,0,0,0,0,0,0,0,0,0,0,0,0,0,0,0
Waymo LLC,2017,Chrysler,Pacifica,CA,94022,CA,Santa Clara,View,Distel Drive at El Camino Real,10/16/2019,7:45,1,0,0,1,0,0,0,,2,0,0,1,0,0,0,1,0,0,0,0,0,0,0,0,0,0,0,0,0,0,0,0,0,0,0,0,0,0,0,0,0,0,0,0,2018,BMW X3,1,0,0,0,0,,2,0,0,0,0,0,0,0,0,0,0,0,0,1,0,"A Waymo Autonomous Vehicle (“Waymo AV”) was stopped in autonomous mode on northbound Distel Drive at El Camino Real in Los Altos when it was rear-ended. The Waymo AV was preparing to make a right-on-red from Distel Drive onto eastbound El Camino Real and was yielding to cross-traffic when a passenger vehicle made contact with the Waymo AV’s rear bumper at approximately 1 MPH. The Waymo AV sustained minor damage to its rear bumper, and the passenger vehicle sustained minor damage to its front bumper. No injuries were reported. ",1,1,0,0,0,0,0,0,0,0,0,0,0,0,1,1,0,0,0,0,0,0,0,0,1,1,0,0,0,0,0,0,0,0,0,0,0,0,0,0,0,0,0,0,0,0,1,1,1,0,0,0,0,0,1,1,0,0,0,0,0,0,0,0,0,0,0,0,0,0,0,0,0,0,0,0,0,0,0,0,0,0,0,0,0,0,0,0,0,1,0,0,0,0,0,0,0,0,0,0,0,0,0,0,0,0,0,0,0,0,0,0,0,0
Waymo LLC,2017,Chrysler,Pacifica,CA,94301,CA,Santa Clara,Alto,Alma Street at Oregon Expressway,10/18/2019,10:30,1,0,0,1,0,0,0,,2,0,0,1,0,0,1,1,0,0,0,0,0,0,0,0,0,0,0,0,0,0,0,0,0,0,0,0,0,0,0,0,0,0,0,0,2012,Toyota Prius,1,0,0,0,0,,2,1,0,0,0,1,0,0,0,0,0,0,0,1,0,"A Waymo Autonomous Vehicle (“Waymo AV”) was stopped in autonomous mode on the interchange from eastbound Alma Street merging onto southbound Oregon Expressway in Palo Alto when it was rear-ended. The Waymo AV was yielding to cross-traffic when a passenger vehicle made contact with the Waymo AV’s rear bumper at approximately 8 MPH. The Waymo AV sustained minor damage to the rear bumper, and the passenger vehicle sustained minor damage to its front bumper. There were no injuries reported at the scene; the Waymo test driver later reported dizziness but declined medical attention. ",1,1,0,0,0,0,0,0,0,0,0,0,0,0,1,1,0,0,0,0,0,0,0,0,1,1,0,0,0,0,0,0,0,0,0,0,0,0,0,0,0,0,0,0,0,0,1,1,1,0,0,1,0,0,0,0,0,0,0,0,0,0,0,0,0,0,0,0,0,0,0,0,0,0,0,0,0,0,0,0,0,0,0,0,0,0,0,0,0,1,0,0,0,0,0,0,0,0,0,0,0,0,0,0,0,1,0,0,0,0,0,0,0,0
Waymo LLC,2017,Chrysler,Pacifica,CA,94306,CA,Santa Clara,Alto,3191 Middlefield Rd,10/19/2019,9:40,1,0,0,1,0,0,0,,2,0,0,1,0,0,1,0,0,0,0,0,0,0,0,0,0,0,0,0,0,0,0,0,0,0,0,0,0,0,0,0,0,0,0,0,,Tesla Model S,1,0,0,0,0,,2,0,0,0,0,0,0,0,0,0,0,0,0,0,1,"A Waymo Autonomous Vehicle (“Waymo AV”) was parked in manual mode in a coffee shop parking lot in Palo Alto when a passenger vehicle reversed into it. The Waymo AV was unattended when a passenger vehicle made contact with the Waymo AV’s rear bumper at approximately 2 MPH. The Waymo AV sustained minor damage to the rear bumper, and the passenger vehicle left the scene without exchanging information.",1,1,0,0,0,0,0,0,0,0,0,0,0,0,1,1,0,0,0,0,0,0,0,0,1,1,0,0,0,0,0,0,0,0,0,0,0,0,0,0,0,0,0,0,0,0,1,1,0,0,0,0,0,0,0,0,0,0,0,0,0,1,0,0,0,0,0,0,0,0,0,0,0,0,0,0,1,0,0,0,0,0,0,0,0,0,0,0,0,1,0,0,0,0,0,0,0,0,0,0,0,0,0,0,0,0,0,0,0,0,0,0,0,0
Waymo LLC,2017,Chrysler,Pacifica,CA,94043,CA,Santa Clara,View,Whisman Station Drive Central Expressway,10/28/2019,7:43,1,0,0,1,0,0,0,,2,0,0,1,0,0,1,1,1,0,0,0,0,0,0,0,0,0,0,0,0,0,0,0,0,0,0,0,0,0,0,0,0,0,0,0,2018,Honda Accord,1,0,0,0,0,,2,1,0,0,0,1,0,1,0,0,1,0,0,1,0,"A Waymo Autonomous Vehicle (“Waymo AV”) was stopped in autonomous mode in the slip lane from southbound Whisman Station Drive to northbound Central Expressway in Mountain View when it was rear-ended. The Waymo AV was yielding to approaching traffic when a passenger vehicle made contact with the Waymo AV’s rear bumper at approximately 11 MPH. The Waymo AV sustained minor damage to its rear bumper, and the passenger vehicle sustained minor damage to its front bumper. The Waymo AV test driver and Waymo passenger in the vehicle both reported neck pain, but declined medical treatment at the scene. No other injuries were reported.",1,1,0,0,0,0,0,0,0,0,0,0,0,0,0,0,1,1,0,0,0,0,0,0,1,1,0,0,0,0,0,0,0,0,0,0,0,0,0,0,0,0,0,0,0,0,1,1,1,0,0,1,0,0,0,0,0,0,0,0,0,0,0,0,0,0,0,0,0,0,0,0,0,0,0,0,0,0,0,0,0,0,0,0,0,0,0,0,0,1,0,0,0,0,0,0,0,0,0,0,0,0,0,0,0,0,0,0,0,0,0,0,0,0
Waymo LLC,2017,Chrysler,Pacifica,CA,94041,CA,Santa Clara,View,Castro Street at Central Expressway,10/28/2019,10:47,1,0,0,1,0,0,0,,2,0,0,1,0,0,1,1,0,0,0,0,0,0,0,0,0,0,0,0,0,0,0,0,0,0,0,0,0,0,0,0,0,0,0,0,,Porsche Panamera,1,0,0,0,0,,2,0,0,0,0,0,0,0,0,0,0,0,0,1,0,"A Waymo Autonomous Vehicle (“Waymo AV”) was in autonomous mode and beginning to proceed at a green traffic light to turn left from northbound Castro Street to northbound Central Expressway in Mountain View when it was rear-ended at approximately 6 MPH by a passenger vehicle. The Waymo AV sustained minor damage to the rear bumper, and the passenger vehicle left the scene without exchanging information. There were no injuries reported at the scene.",1,1,0,0,0,0,0,0,0,0,0,0,0,0,1,1,0,0,0,0,0,0,0,0,1,1,0,0,0,0,0,0,0,0,0,0,0,0,0,0,0,0,0,0,0,0,1,1,1,0,0,1,0,0,0,0,0,0,0,0,0,0,0,0,0,0,0,0,0,0,0,0,0,0,0,0,0,0,0,0,0,0,0,0,0,0,0,0,0,1,0,0,0,0,0,0,0,0,0,0,0,0,0,0,0,0,0,0,0,0,0,0,0,0
Waymo LLC,2017,Chrysler,Pacifica,CA,94301,CA,Santa Clara,Alto,Alma Street at Oregon Expressway,11/4/2019,6:22,0,1,0,1,0,0,0,,2,0,0,1,0,0,0,1,0,0,0,0,0,0,0,0,0,0,0,0,0,0,0,0,0,0,0,0,0,0,0,0,0,0,0,0,2015,BMW 535i,1,0,0,0,0,,2,0,0,0,0,0,0,0,0,0,0,0,0,0,1,"A Waymo Autonomous Vehicle (“Waymo AV”) was stopped in manual mode on the interchange from eastbound Alma Street about to merge onto southbound Oregon Expressway in Palo Alto when it was rear-ended. The Waymo AV was yielding to cross-traffic when a passenger vehicle made contact with the Waymo AV’s rear bumper at approximately 1 MPH. The Waymo AV sustained minor damage to the rear bumper, and the passenger vehicle sustained no damage. There were no injuries reported at the scene. ",1,1,0,0,0,0,0,0,0,0,0,0,0,0,0,0,0,0,1,1,0,0,0,0,1,1,0,0,0,0,0,0,0,0,0,0,0,0,0,0,0,0,0,0,0,0,1,1,1,0,0,1,0,0,0,0,0,0,0,0,0,0,0,0,0,0,0,0,0,0,0,0,0,0,0,0,0,0,0,0,0,0,0,0,0,0,0,0,0,1,0,0,0,0,0,0,0,0,0,0,0,0,0,0,0,1,0,0,0,0,0,0,0,0
Waymo LLC,2017,Chrysler,Pacifica,CA,94043,CA,Santa Clara,View,Whisman Station Drive Central Expressway,12/20/2019,9:13,1,0,0,1,0,0,0,,2,0,0,1,0,0,0,1,0,0,0,0,0,0,0,0,0,0,0,0,0,0,0,0,0,0,0,0,0,0,0,0,0,0,0,0,2015,Mercedes-Benz C300,1,0,0,0,0,,2,0,0,0,0,0,0,0,0,0,0,0,0,0,1,"A Waymo Autonomous Vehicle (“Waymo AV”) was stopped in manual mode in the slip lane from southbound Whisman Station Drive to northbound Central Expressway in Mountain View when it was rear-ended. The Waymo AV test driver was yielding to approaching traffic when a passenger vehicle made contact with the Waymo AV’s rear bumper at approximately 2 MPH. The Waymo AV sustained minor damage to its rear bumper, and the passenger vehicle sustained minor damage to its front bumper. No injuries were reported at the scene.",1,1,0,0,0,0,0,0,0,0,0,0,0,0,1,1,0,0,0,0,0,0,0,0,1,1,0,0,0,0,0,0,0,0,0,0,0,0,0,0,0,0,0,0,0,0,1,1,1,0,0,1,0,0,0,0,0,0,0,0,0,0,0,0,0,0,0,0,0,0,0,0,0,0,0,0,0,0,0,0,0,0,0,0,0,0,0,0,0,1,0,0,0,0,0,0,0,0,0,0,0,0,0,0,0,0,0,0,0,0,0,0,0,0