AV_manufacturer,AVyear,AVmake,AVmodel,AVregloc,AccidentZIPcode,AccidentSTATE,AccidentCOUNTY,AccidentCITY,AccidentADDRESS,AccidentDATE,AccidentTIME,AccidenttimeOFdayAM,AccidenttimeOFdayPM,AVmotionMOVING,AVmotionSTOPPED,AVhitPEDESTRAIN,AVhitBICYCLIST,AVhitOTHERS,AVhitOTHERSspecify,AVnoOFVehicles,AVdamagelevelUNKNOWN,AVdamagelevelNONE,AVdamagelevelMINOR,AVdamagelevelMODERATE,AVdamagelevelMAJOR,AVdamagePartLRC1,AVdamagePartRB,AVdamagePartRRC1,AVdamagePartLRPS1,AVdamagePartLRPS2,AVdamagePartRRPS1,AVdamagePartRRPS2,AVdamagePartLRPS3,AVdamagePartLRPS4,AVdamagePartRRPS3,AVdamagePartRRPS4,AVdamagePartFDS1,AVdamagePartFDS2,AVdamagePartFPS1,AVdamagePartFPS2,AVdamagePartFDS3,AVdamagePartFDS4,AVdamagePartFPS3,AVdamagePartFPS4,AVdamagePartLFC1,AVdamagePartFC1,AVdamagePartRC1,AVdamagePartFRC1,AVdamagePartLFC2,AVdamagePartFB,AVdamagePartFRC2,AVdamagePartLRC2,AVdamagePartLRC3,AVdamagePartRRC2,AVdamagePartRRC3,V2year,V2model,V2motionMOVING,V2motionSTOPPED,V2hitPEDESTRAIN,V2hitBICYCLIST,V2hitOTHERS,V2hitOTHERSspecify,V2noOFVehicles,P1INJURED,P1PROPERTY,P1BICYCLIST,P1PASSENGER,P1DRIVER,P1DECEASED,P2INJURED,P2PROPERTY,P2BICYCLIST,P2PASSENGER,P2DRIVER,P2DECEASED,AccTYPEAuto,AccTYPEConven,AccDETAILS,AccWEATHERCLEARbyAV,AccWEATHERCLEARbyV2,AccWEATHERCLOUDYbyAV,AccWEATHERCLOUDYbyV2,AccWEATHERRAININGbyAV,AccWEATHERRAININGbyV2,AccWEATHERSNOWINGbyAV,AccWEATHERSNOWINGbyV2,AccWEATHERFOGbyAV,AccWEATHERFOGbyV2,AccWEATHEROTHERbyAV,AccWEATHEROTHERbyV2,AccWEATHERWINDbyAV,AccWEATHERWINDbyV2,AccLIGHTHINGDAYLIGHTbyAV,AccLIGHTHINGDAYLIGHTbyV2,AccLIGHTHINGDUSKDAWNbyAV,AccLIGHTHINGDUSKDAWNbyV2,AccLIGHTHINGDARKSTREETLIGHTSbyAV,AccLIGHTHINGDARKSTREETLIGHTSbyV2,AccLIGHTHINGDARKNOSTREETbyAV,AccLIGHTHINGDARKNOSTREETbyV2,AccLIGHTHINGDARKSTREETLIGHTSNOTFUNCTIONINGbyAV,AccLIGHTHINGDARKSTREETLIGHTSNOTFUNCTIONINGbyV2,AccROADSURFACEDRYbyAV,AccROADSURFACEDRYbyV2,AccROADSURFACEWETbyAV,AccROADSURFACEWETbyV2,AccROADSURFACESNOWYICYbyAV,AccROADSURFACESNOWYICYbyV2,AccROADSURFACESLIPPERYbyAV,AccROADSURFACESLIPPERYbyV2,AccROADCONDITIONSHOLESbyAV,AccROADCONDITIONSHOLESbyV2,AccROADCONDITIONSLOOSEMATERIALbyAV,AccROADCONDITIONSLOOSEMATERIALbyV2,AccROADCONDITIONSOBSTRUCTIONbyAV,AccROADCONDITIONSOBSTRUCTIONbyV2,AccROADCONDITIONSCONSTRUCTIONbyAV,AccROADCONDITIONSCONSTRUCTIONbyV2,AccROADCONDITIONSREDUCEDROADWAYWIDTHbyAV,AccROADCONDITIONSREDUCEDROADWAYWIDTHbyV2,AccROADCONDITIONSFLOODEDbyAV,AccROADCONDITIONSFLOODEDbyV2,AccROADCONDITIONSOTHERbyAV,AccROADCONDITIONSOTHERbyV2,AccROADCONDITIONSNOUNUSUALCONDITIONSbyAV,AccROADCONDITIONSNOUNUSUALCONDITIONSbyV2,AccSTATEB4CollisionSTOPPEDbyAV,AccSTATEB4CollisionSTOPPEDbyV2,AccSTATEB4CollisionPROCEEDINGSTRAIGHTbyAV,AccSTATEB4CollisionPROCEEDINGSTRAIGHTbyV2,AccSTATEB4CollisionRANOFFROADbyAV,AccSTATEB4CollisionRANOFFROADbyV2,AccSTATEB4CollisionMAKINGRIGHTTURNbyAV,AccSTATEB4CollisionMAKINGRIGHTTURNbyV2,AccSTATEB4CollisionMAKINGLEFTTURNbyAV,AccSTATEB4CollisionMAKINGLEFTTURNbyV2,AccSTATEB4CollisionMAKINGUTURNbyAV,AccSTATEB4CollisionMAKINGUTURNbyV2,AccSTATEB4CollisionBACKINGbyAV,AccSTATEB4CollisionBACKINGbyV2,AccSTATEB4CollisionSLOWSTOPPINGbyAV,AccSTATEB4CollisionSLOWSTOPPINGbyV2,AccSTATEB4CollisionPASSINGXINGINTOOPPOSLANEVEHICLEbyAV,AccSTATEB4CollisionPASSINGXINGINTOOPPOSLANEVEHICLEbyV2,AccSTATEB4CollisionCHANGINGLANESbyAV,AccSTATEB4Collision CHANGINGLANESbyV2,AccSTATEB4CollisionPARKINGMANUEVERbyAV,AccSTATEB4CollisionPARKINGMANUEVERbyV2,AccSTATEB4CollisionENTERINGTRAFFICbyAV,AccSTATEB4CollisionENTERINGTRAFFICbyV2,AccSTATEB4CollisionUNSAFETURNINGbyAV,AccSTATEB4CollisionUNSAFETURNINGbyV2,AccSTATEB4CollisionXINGINTOOPPOSLANEbyAV,AccSTATEB4CollisionXINGINTOOPPOSLANEbyV2,AccSTATEB4CollisionPARKEDbyAV,AccSTATEB4CollisionPARKEDbyV2,AccSTATEB4CollisionMERGINGbyAV,AccSTATEB4CollisionMERGINGbyV2,AccSTATEB4CollisionTRAVELINGWRONGWAYbyAV,AccSTATEB4CollisionTRAVELINGWRONGWAYbyV2,AccSTATEB4CollisionOTHERbyAV,AccSTATEB4CollisionOTHERbyV2,AccCOLLISIONtypeHEADONbyAV,AccCOLLISIONtypeHEADONbyV2,AccCOLLISIONtypeSIDESWIPEbyAV,AccCOLLISIONtypeSIDESWIPEbyV2,AccCOLLISIONtypeREARENDbyAV,AccCOLLISIONtypeREARENDbyV2,AccCOLLISIONtypeBROADSIDEbyAV,AccCOLLISIONtypeBROADSIDEbyV2,AccCOLLISIONtypeHITOBJECTbyAV,AccCOLLISIONtypeHITOBJECTbyV2,AccCOLLISIONtypeOVERTURNEDbyAV,AccCOLLISIONtypeOVERTURNEDbyV2,AccCOLLISIONtypeVEHICLEORPEDESTRIANbyAV,AccCOLLISIONtypeVEHICLEORPEDESTRIANbyV2,AccCOLLISIONtypeOTHERbyAV,AccCOLLISIONtypeOTHERbyV2,AccOTHERfactorsCVCVIOLATEDYes,AccOTHERfactorsCVCVIOLATEDNo,AccOTHERfactorsVISIONOBSCUREMENT,AccOTHERfactorsINATTENTION,AccOTHERfactorsSTOPGOTRAFFIC,AccOTHERfactorsENTERINGORLEAVINGRAMP,AccOTHERfactorsPREVIOUSCOLLISION,AccOTHERfactorsUNFAMILIARWITHROAD,AccOTHERfactorsDEFECTIVEWEHEQUIPYes,AccOTHERfactorsDEFECTIVEWEHEQUIPNo,AccOTHERfactorsUNINVOLVEDVEHICLE,AccOTHERfactorsOTHER,AccOTHERfactorsNONEAPPARENT,AccOTHERfactorsRUNAWAYVEHICLE
Waymo LLC,2017,Chrysler,Pacifica,CA,94043,CA,Santa Clara,View,Whisman Station Drive at Central Expressway,3/10/2020,7:57,1,0,1,0,0,0,0,,2,0,0,1,0,0,1,0,0,0,0,0,0,0,0,0,0,0,0,0,0,0,0,0,0,0,0,0,0,0,0,0,0,0,0,0,,Honda Odyssey,1,0,0,0,0,,2,0,0,0,0,0,0,0,0,0,0,0,0,1,0,"A Waymo Autonomous Vehicle (“Waymo AV”) was in autonomous mode in the slip lane from southbound Whisman Station Drive to northbound Central Expressway in Mountain View when it was rear-ended. The Waymo AV was yielding to approaching traffic on Central Expressway when a passenger vehicle made contact with the Waymo AV’s rear bumper at approximately 4 MPH. The Waymo AV sustained minor damage to its rear bumper, and the passenger vehicle sustained minor damage to its front bumper. No injuries were reported.",1,1,0,0,0,0,0,0,0,0,0,0,0,0,1,1,0,0,0,0,0,0,0,0,1,1,0,0,0,0,0,0,0,0,0,0,0,0,0,0,0,0,0,0,0,0,1,1,0,0,1,1,0,0,0,0,0,0,0,0,0,0,0,0,0,0,0,0,0,0,0,0,0,0,0,0,0,0,0,0,0,0,0,0,0,0,0,0,0,1,0,0,0,0,0,0,0,0,0,0,0,0,0,0,0,0,0,0,0,0,0,0,0,0
Waymo LLC,2017,Chrysler,Pacifica,CA,94131,CA,San Francisco,Francisco,Glenbrook Avenue Palo Alto,7/9/2020,6:34,0,1,1,0,0,0,0,,1,0,0,1,0,0,0,0,0,0,0,0,1,0,0,0,0,0,0,0,0,0,0,0,0,0,0,0,0,0,0,0,0,0,0,0,,,0,0,0,0,0,,,0,0,0,0,0,0,0,0,0,0,0,0,0,1,A Waymo Autonomous Vehicle (“Waymo AV”) was making a turn in manual mode from westbound Palo Alto Avenue onto northbound Glenbrook Avenue in San Francisco when it made contact with a curb. The Waymo AV test driver was making a right turn when the right rear tire of the Waymo AV made contact with a curb at approximately 10 MPH. The Waymo AV’s right rear tire deflated following the curb contact. No injuries were reported.,1,0,0,0,0,0,0,0,0,0,0,0,0,0,1,0,0,0,0,0,0,0,0,0,1,0,0,0,0,0,0,0,0,0,0,0,0,0,0,0,0,0,0,0,0,0,1,0,0,0,0,0,0,0,1,0,0,0,0,0,0,0,0,0,0,0,0,0,0,0,0,0,0,0,0,0,0,0,0,0,0,0,0,0,0,0,0,0,0,0,0,0,1,0,0,0,0,0,0,0,0,0,0,0,0,0,0,0,0,0,0,0,0,0
Waymo LLC,2017,Chrysler,Pacifica,CA,94114,CA,San Francisco,Francisco,151 Sanchez St,12/18/2020,6:14,1,0,1,0,0,0,0,,1,0,0,1,0,0,0,0,0,0,0,0,0,0,0,0,0,0,0,0,0,0,0,0,0,0,0,0,0,1,0,0,0,0,0,0,,,0,0,0,0,0,,,0,0,0,0,0,0,0,0,0,0,0,0,0,1,"A Waymo Autonomous Vehicle (“Waymo AV”) was traveling northbound on Sanchez Street in San Francisco in autonomous mode when it entered the oncoming lane in order to proceed around a garbage truck and dumpster. As the Waymo AV maneuvered around the garbage truck and dumpster, the Waymo AV test driver disengaged autonomous mode and took control of the Waymo AV. As the test driver was attempting to re-enter the northbound lane in manual mode, the Waymo AV’s front driver’s side tire drove over the curb of a traffic island median and the Waymo AV sustained minor damage to its front bumper. No injuries were reported.",1,0,0,0,0,0,0,0,0,0,0,0,0,0,0,0,0,0,1,0,0,0,0,0,1,0,0,0,0,0,0,0,0,0,0,0,1,0,0,0,0,0,0,0,0,0,0,0,0,0,0,0,0,0,0,0,0,0,0,0,0,0,0,0,0,0,1,0,0,0,0,0,0,0,0,0,0,0,0,0,0,0,0,0,0,0,0,0,0,0,0,0,1,0,0,0,0,0,0,0,0,0,0,0,0,0,0,0,0,0,0,0,0,0
Waymo LLC,2017,Chrysler,Pacifica,CA,94107,CA,San Francisco,Francisco,3rd Street at 24th,12/29/2020,5:45,0,1,1,0,0,0,0,,2,0,0,0,0,1,1,1,1,0,0,0,0,0,0,0,0,0,0,0,0,0,0,0,0,0,0,0,0,0,0,0,0,0,0,0,,Ford F150,1,0,0,0,0,,2,0,0,0,0,0,0,0,0,0,0,0,0,1,0,"A Waymo Autonomous Vehicle (“Waymo AV”) was traveling northbound on 3rd Street in San Francisco in manual mode when it was rear-ended. The Waymo AV was traveling in autonomous mode at approximately 30 MPH in the leftmost lane as it approached the intersection at 24th Street. In this location there are traffic pylons on the left edge of the leftmost lane that separate this lane from the municipal tram line that operates in the median of 3rd Street. As the Waymo AV approached the intersection, a San Francisco MUNI city bus traveling at approximately 40 MPH in the right adjacent lane began to overtake the Waymo AV from the right, while moving toward the Waymo’s lane of travel. Due to the encroaching city bus and the pylons on the left edge of the Waymo AV’s lane, the Waymo AV began to brake. The Waymo AV test driver disengaged autonomous mode and took control of the Waymo AV. Approximately 1 second later, the passenger vehicle behind the Waymo AV made contact with the Waymo AV’s rear bumper at approximately 27 MPH. The Waymo AV was traveling approximately 4 MPH. The Waymo AV sustained significant damage to its rear bumper, and the passenger vehicle sustained significant damage to its front bumper. The driver of the passenger vehicle and the Waymo AV test driver were transported to receive medical attention. The Waymo AV co-driver reported minor injuries but did not receive medical attention. Amended Sections 3 and 4.",1,1,0,0,0,0,0,0,0,0,0,0,0,0,0,0,0,0,1,1,0,0,0,0,1,1,0,0,0,0,0,0,0,0,0,0,0,0,0,0,0,0,0,0,0,0,1,1,0,0,0,1,0,0,0,0,0,0,0,0,0,0,1,0,0,0,0,0,0,0,0,0,0,0,0,0,0,0,0,0,0,0,0,0,0,0,0,0,0,1,0,0,0,0,0,0,0,0,0,0,0,0,0,0,0,0,0,0,0,0,0,0,0,0
Waymo LLC,2017,Chrysler,Pacifica,CA,94306,CA,Santa Clara,Alto,Alma Street at Village Circle,6/15/2020,1:20,0,1,0,1,0,0,0,,2,0,0,1,0,0,0,1,0,0,0,0,0,0,0,0,0,0,0,0,0,0,0,0,0,0,0,0,0,0,0,0,0,0,0,0,2001,Dodge Dakota,1,0,0,0,0,,2,0,0,0,0,0,0,0,0,0,0,0,0,1,0,"A Waymo Autonomous Vehicle (“Waymo AV”) was stopped in autonomous mode on northbound Alma Street at Alma Village Circle in Palo Alto when it was rear-ended. The Waymo AV was stopped in traffic for a red light when a passenger vehicle made contact with the Waymo AV’s rear bumper at approximately 2 MPH. The Waymo AV sustained minor damage to its rear bumper and hatch, and the passenger vehicle sustained minor damage to its front bumper. No injuries were reported.",1,1,0,0,0,0,0,0,0,0,0,0,0,0,1,1,0,0,0,0,0,0,0,0,1,1,0,0,0,0,0,0,0,0,0,0,0,0,0,0,0,0,0,0,0,0,1,1,1,0,0,1,0,0,0,0,0,0,0,0,0,0,0,0,0,0,0,0,0,0,0,0,0,0,0,0,0,0,0,0,0,0,0,0,0,0,0,0,0,1,0,0,0,0,0,0,0,0,0,0,0,0,0,0,0,0,0,0,0,0,0,0,0,0
Zoox Inc,2016,Toyota,Highlander,CA,94133,CA,San Francisco,Francisco,Green St Grant,1/8/2020,9:10,1,0,0,1,0,0,1,,2,0,0,0,1,0,1,0,0,0,0,0,0,0,0,0,0,0,0,0,0,0,0,0,0,0,0,0,0,0,0,0,0,0,0,0,2000,BMW 328ci,1,0,0,0,1,Car,2,0,0,0,0,0,0,0,0,0,0,0,0,0,1,"A Zoox vehicle was parked with hazard lights blinking while in manual mode on Green St. facing east towards Varennes St. A car reversed from a horizontal parking spot of the oncoming lane and made contact with the rear left corner of the Zoox Vehicle, damaging the sensors. Police were not called.",1,1,0,0,0,0,0,0,0,0,0,0,0,0,1,1,0,0,0,0,0,0,0,0,1,1,0,0,0,0,0,0,0,0,0,0,0,0,0,0,0,0,0,0,0,0,1,1,1,0,0,0,0,0,0,0,0,0,0,0,0,1,0,0,0,0,0,0,0,0,0,0,0,0,0,0,0,0,0,0,0,0,0,0,0,0,0,0,0,1,0,0,0,0,0,0,0,0,0,0,0,0,0,0,0,0,0,0,0,0,0,0,0,0
Zoox Inc,2016,Toyota,Highlander,CA,94108,CA,San Francisco,Francisco,Mason St Sutter,1/13/2020,6:15,0,1,0,1,0,0,1,,2,0,1,0,0,0,0,0,0,0,0,0,0,0,0,0,0,0,0,0,0,0,0,0,0,0,0,0,0,0,0,0,0,0,0,0,2011,Toyota Camry,1,0,0,0,1,Car,2,0,0,0,0,0,0,0,0,0,0,0,0,0,1,"A Zoox vehicle was in manual mode, stopped at a red light at the intersection of Mason St. and Sutter St. facing south. A vehicle behind it made low-speed contact with the rear of the Zoox vehicle. There was no damage. Police were not called.",1,1,0,0,0,0,0,0,0,0,0,0,0,0,0,0,0,0,1,1,0,0,0,0,1,1,0,0,0,0,0,0,0,0,0,0,0,0,0,0,0,0,0,0,0,0,1,1,1,0,0,1,0,0,0,0,0,0,0,0,0,0,0,0,0,0,0,0,0,0,0,0,0,0,0,0,0,0,0,0,0,0,0,0,0,0,0,0,0,1,0,0,0,0,0,0,0,0,0,0,0,0,0,0,0,0,0,0,0,0,0,0,0,0
Zoox Inc,2016,Toyota,Highlander,CA,94107,CA,San Francisco,Francisco,5th St Folsom,1/14/2020,3:46,0,1,1,0,0,0,1,,2,0,0,1,0,0,1,0,0,0,0,0,0,0,0,0,0,0,0,0,0,0,0,0,0,0,0,0,0,0,0,0,0,0,0,0,,,1,0,0,0,1,Car,2,0,0,0,0,0,0,0,0,0,0,0,0,0,1,"A Zoox vehicle in manual mode was in traffic on 5th St, south of Folsom St., when the car immediately behind it passed on the left. That car made contact with the left-rear bumper of the Zoox vehicle, causing a minor scratch. The driver of the Zoox vehicle then pulled over to assess damage and exchange driver information, but the other vehicle did not stop. There were no injuries, and police were not called.",0,0,1,1,0,0,0,0,0,0,0,0,0,0,1,1,0,0,0,0,0,0,0,0,1,1,0,0,0,0,0,0,0,0,0,0,0,0,0,0,0,0,0,0,0,0,1,1,0,0,1,0,0,0,0,0,0,0,0,0,0,0,0,0,0,0,0,1,0,0,0,0,0,0,0,0,0,0,0,0,0,0,0,0,0,0,0,0,0,1,0,0,0,0,0,0,0,0,0,0,0,0,0,0,0,0,0,0,0,0,0,0,0,0
Zoox Inc,2016,Toyota,Highlander,CA,94108,CA,San Francisco,Francisco,California St Mason Street,2/21/2020,9:25,1,0,1,0,0,0,1,,2,0,0,1,0,0,0,0,0,0,0,0,0,0,0,0,0,0,0,0,0,1,0,0,0,1,0,0,0,0,0,0,0,0,0,0,2011,Kia Soul Sport,1,0,0,0,1,car,2,0,0,0,0,0,0,0,0,0,0,0,0,0,1,"A Zoox vehicle was in manual mode, turning left onto Mason Street from California Street, facing south. A car reversed from a horizontal parking spot on the left and made contact with the Zoox vehicle's front left wheel, causing minor damage. There were no injuries and police were not called.",1,1,0,0,0,0,0,0,0,0,0,0,0,0,1,1,0,0,0,0,0,0,0,0,1,1,0,0,0,0,0,0,0,0,0,0,0,0,0,0,0,0,0,0,0,0,1,1,0,0,0,0,0,0,0,0,1,0,0,0,0,1,0,0,0,0,0,0,0,0,0,0,0,0,0,0,0,0,0,0,0,0,0,0,1,0,0,0,0,1,0,0,0,0,0,0,0,0,0,0,0,0,0,0,0,0,0,0,0,0,0,0,0,0
Zoox Inc,2016,Toyota,Highlander,CA,94109,CA,San Francisco,Francisco,Polk Green Street,NaT,10:50,1,0,1,0,0,0,1,,2,0,0,1,0,0,0,0,0,0,0,0,0,0,0,0,0,0,0,0,0,0,0,0,0,0,0,0,1,0,0,0,0,0,0,0,2018,Mercedes GLC 300,1,0,0,0,1,Vehicle,2,0,0,0,0,0,0,0,0,0,0,0,0,0,1,"A Zoox vehicle was in manual mode traveling straight on Polk Street approaching the Green/Polk Street 4-way intersection at low speed. A passenger vehicle was traveling straight on Green Street also approaching the Green/Polk intersection. Both vehicles came to their respective stops at the intersection, then both vehicles resumed movement through the intersection at the same time and came in contact with one another at low speed. The front right side of the Zoox vehicle made contact with the front left bumper of the passenger vehicle. There were no injuries and the police were not called.",1,1,0,0,0,0,0,0,0,0,0,0,0,0,1,1,0,0,0,0,0,0,0,0,1,1,0,0,0,0,0,0,0,0,0,0,0,0,0,0,0,0,0,0,0,0,1,1,0,0,1,1,0,0,0,0,0,0,0,0,0,0,0,0,0,0,0,0,0,0,0,0,0,0,0,0,0,0,0,0,0,0,0,0,0,0,1,0,0,0,0,1,0,0,0,0,0,0,0,0,0,0,0,0,0,0,0,0,0,0,0,0,0,0
Zoox Inc,2019,Toyota,Highlander,CA,94103,CA,San Francisco,Francisco,Howard St between Moss & Russ Street,8/20/2020,12:05,0,1,0,0,0,0,1,,2,0,1,0,0,0,0,1,0,0,0,0,0,0,0,0,0,0,0,0,0,0,0,0,0,0,0,0,0,0,0,0,0,0,0,0,2016,Mazda,1,0,0,0,0,,2,0,0,0,0,0,0,0,0,0,0,0,0,0,1,"A Zoox vehicle was parked in a parallel parking space on Howard Street, when a passenger vehicle attempted to parallel park behind it. The front bumper of the passenger vehicle made contact with the rear hardware at the center of the Zoox bumper causing no damage to the Zoox vehicle. There were no injuries and the police were not called. ",1,1,0,0,0,0,0,0,0,0,0,0,0,0,1,1,0,0,0,0,0,0,0,0,1,1,0,0,0,0,0,0,0,0,0,0,0,0,0,0,0,0,0,0,0,0,1,1,0,0,0,0,0,0,0,0,0,0,0,0,0,0,0,0,0,0,0,0,0,1,0,0,0,0,0,0,1,0,0,0,0,0,0,0,0,0,0,0,0,1,0,0,0,0,0,0,0,0,1,0,0,0,0,0,0,0,0,0,0,0,0,0,0,0
Zoox Inc,2016,Toyota,Highlander,CA,94107,CA,San Francisco,Francisco,Intersection Folsom 5th Street,9/16/2020,10:40,1,0,1,0,0,0,1,,2,0,1,0,0,0,0,0,0,0,0,0,0,0,0,0,0,0,0,0,0,0,0,0,0,0,0,0,0,0,0,0,0,0,0,0,2017,Chevrolet Spark LT,1,0,0,0,1,Vehicle,2,0,0,0,0,0,0,0,0,0,0,0,0,1,0,"A Zoox vehicle in autonomous mode was traveling on Folsom Street straight through the 5th Street intersection when a passenger vehicle in the right adjacent lane attempted to make a left turn in front of the Zoox vehicle onto 5th Street. The rear left bumper of the turning passenger vehicle made contact with the front right side of the Zoox vehicle. There were no injuries, and the police were not called.",1,1,0,0,0,0,0,0,0,0,0,0,0,0,1,1,0,0,0,0,0,0,0,0,1,1,0,0,0,0,0,0,0,0,0,0,0,0,0,0,0,0,0,0,0,0,1,1,0,0,1,0,0,0,0,0,0,1,0,0,0,0,0,0,0,0,0,0,0,0,0,0,0,1,0,0,0,0,0,0,0,0,0,0,0,0,0,1,0,0,1,0,0,0,0,0,0,0,0,0,0,1,0,0,0,0,0,0,0,0,0,0,0,0
Zoox Inc,2016,Toyota,Highlander,CA,94103,CA,San Francisco,Francisco,Harrison St / 13th,10/6/2020,1:40,0,1,0,1,0,0,0,,1,0,0,1,0,0,0,1,0,0,0,0,0,0,0,0,0,0,0,0,0,0,0,0,0,0,0,0,0,0,0,0,0,0,0,0,2013,Ford,1,0,0,0,0,,1,0,0,0,0,0,0,0,0,0,0,0,0,1,0,A Zoox vehicle in autonomous mode was stopped in traffic at the intersection of Harrison St. and 13 St. when a passenger vehicle from behind hit the Zoox vehicle’s rear bumper and sensors at a low speed. There were no injuries and police were not called.,1,1,0,0,0,0,0,0,0,0,0,0,0,0,1,1,0,0,0,0,0,0,0,0,1,1,0,0,0,0,0,0,0,0,0,0,0,0,0,0,0,0,0,0,0,0,1,1,1,0,0,1,0,0,0,0,0,0,0,0,0,0,0,0,0,0,0,0,0,0,0,0,0,0,0,0,0,0,0,0,0,0,0,0,0,0,0,0,1,1,0,0,0,0,0,0,0,0,0,0,0,0,0,0,0,0,0,0,0,0,0,0,0,0
Zoox Inc,2016,Toyota,Highlander,CA,94103,CA,San Francisco,Francisco,3rd St Mission,1/21/2020,8:44,1,0,1,0,0,0,1,,2,0,0,1,0,0,0,1,0,0,0,0,0,0,0,0,0,0,0,0,0,0,0,0,0,0,0,0,0,0,0,0,0,0,0,0,,,1,0,0,0,1,Car,2,0,0,0,0,0,0,0,0,0,0,0,0,0,1,"A Zoox vehicle was traveling in manual mode on 3rd St. towards Mission St. when a car merged into the lane behind it. While the Zoox vehicle yielded to a bus, the car behind the Zoox vehicle made contact with the Zoox vehicle's rear bumper, damaging some sensors. The Zoox vehicle driver pulled over to assess the damage and exchange driver information but the other vehicle did not stop. There were no injuries and police were not called. ",1,1,0,0,0,0,0,0,0,0,0,0,0,0,1,1,0,0,0,0,0,0,0,0,1,1,0,0,0,0,0,0,0,0,0,0,0,0,0,0,0,0,0,0,0,0,1,1,0,0,1,0,0,0,0,0,0,0,0,0,0,0,0,0,0,0,0,1,0,0,0,0,0,0,0,0,0,0,0,0,0,0,0,0,0,0,0,0,0,1,0,0,0,0,0,0,0,0,0,0,0,0,0,0,0,0,0,0,0,0,0,0,0,0
Zoox Inc,2016,Toyota,Highlander,CA,94133,CA,San Francisco,Francisco,Broadway St Powell,1/21/2020,11:08,1,0,1,0,0,0,1,,2,0,0,1,0,0,0,0,0,0,0,0,0,0,0,0,0,0,0,0,0,0,0,0,1,0,0,0,0,0,0,0,0,0,0,0,2008,All Weather Architectural Aluminum Freightliner / Hino Truck,0,1,0,0,1,Car,2,0,0,0,0,0,0,0,0,0,0,0,0,1,0,"A Zoox vehicle traveling in autonomous mode on Broadway St. towards Powell St. encountered a double-parked flatbed truck. The Zoox vehicle began to maneuver around the stationary truck and made slight contact with the left rear of the truck, causing a scrape on the passenger-side door of the Zoox vehicle; there was no damage to the truck. There were no injuries and police were not called.",1,1,0,0,0,0,0,0,0,0,0,0,0,0,1,1,0,0,0,0,0,0,0,0,1,1,0,0,0,0,0,0,0,0,0,0,0,0,0,0,0,0,0,0,0,0,1,1,0,1,0,0,0,0,0,0,0,0,0,0,0,0,0,0,1,0,0,0,0,0,0,0,0,0,0,0,0,0,0,0,0,0,0,0,0,0,1,0,0,0,0,0,0,0,0,0,0,0,0,0,0,0,0,0,0,0,0,0,0,0,0,0,0,0
Zoox Inc,2016,Toyota,Highlander,CA,94111,CA,San Francisco,Francisco,Montgomery St Clay,2/26/2020,11:28,1,0,1,0,0,0,1,,2,0,0,0,1,0,0,0,0,0,0,0,1,0,0,0,1,0,0,0,0,0,0,0,0,0,0,0,0,0,0,0,0,0,0,0,2012,Honda Cr-V Ex,1,0,0,0,1,car,2,0,0,0,0,0,0,0,0,0,0,0,0,1,0,"A Zoox vehicle was in autonomous mode while making a right lane change on Montgomery St facing north towards Clay St. A car entered traffic from a stop sign intersection on right without stopping and struck the Zoox vehicle's rear passenger side door, causing moderate damage. There were no injuries and police were not called.",1,1,0,0,0,0,0,0,0,0,0,0,0,0,1,1,0,0,0,0,0,0,0,0,1,1,0,0,0,0,0,0,0,0,0,0,0,0,0,0,0,0,0,0,0,0,1,1,0,0,0,0,0,0,0,0,0,0,0,0,0,0,0,0,0,0,1,0,0,0,0,1,0,0,0,0,0,0,0,0,0,0,0,0,0,0,0,0,0,0,0,1,0,0,0,0,0,0,0,0,0,0,0,0,0,0,0,0,0,0,0,0,0,0
Zoox Inc,2016,Toyota,Highlander,CA,94133,CA,San Francisco,Francisco,Montgomery St Pacific,2/26/2020,8:52,0,1,0,1,0,0,1,,2,0,0,1,0,0,0,0,0,0,0,0,0,0,0,0,0,0,0,0,0,1,0,0,0,0,0,0,0,0,0,0,0,0,0,0,,,1,0,0,0,1,car,2,0,0,0,0,0,0,0,0,0,0,0,0,1,0,"A Zoox vehicle was stationary in autonomous mode on Montgomery St facing north towards Broadway St, yielding for an oncoming bus encroaching upon its lane. The bus struck the driver's side mirror, causing it to fold with minor damage. The bus driver did not stop, so no information was exchanged. There were no injuries and police were not called.",1,1,0,0,0,0,0,0,0,0,0,0,0,0,0,0,0,0,1,1,0,0,0,0,1,1,0,0,0,0,0,0,0,0,0,0,0,0,0,0,0,0,0,0,0,0,1,1,1,0,0,0,0,0,0,0,0,0,0,0,0,0,0,0,0,0,0,0,0,0,0,0,0,0,0,1,0,0,0,0,0,0,0,0,0,0,0,1,0,0,0,0,0,0,0,0,0,0,0,0,0,0,0,0,0,0,0,0,0,0,0,0,0,0
Apple Inc,2016,Lexus,RX 450h,CA,94086,CA,Santa Clara,,North Fair Oaks Ave Kifer Road,11/11/2021,5:01,0,1,0,1,0,0,0,,2,0,1,0,0,0,0,0,0,0,0,0,0,0,0,0,0,0,0,0,0,0,0,0,0,0,0,0,0,0,0,0,0,0,0,0,,Plymouth Voyager,1,0,0,0,0,,2,0,0,0,0,0,0,0,0,0,0,0,0,0,1,"A test vehicle, stopped at a red light in Sunnyvale while operating in manual mode, was lightly struck on a sensor attached to the rear driver side wheel by a white minivan attempting to maneuver around the vehicle to enter a left turn lane. The test vehicle’s sensor was not damaged. The minivan left the scene without stopping, so any damage to the minivan is unknown. No injuries were reported, and law enforcement was not called to the scene.",1,1,0,0,0,0,0,0,0,0,0,0,0,0,1,1,0,0,0,0,0,0,0,0,1,1,0,0,0,0,0,0,0,0,0,0,0,0,1,1,0,0,0,0,0,0,0,0,1,0,0,0,0,0,0,0,0,0,0,0,0,0,0,0,0,1,0,0,0,0,0,0,0,0,0,0,0,0,0,0,0,0,0,0,0,0,1,1,0,0,0,0,0,0,0,0,0,0,0,0,0,0,0,0,0,0,0,0,0,0,0,0,0,0