AV_manufacturer,AVyear,AVmake,AVmodel,AVregloc,AccidentZIPcode,AccidentSTATE,AccidentCOUNTY,AccidentCITY,AccidentADDRESS,AccidentDATE,AccidentTIME,AccidenttimeOFdayAM,AccidenttimeOFdayPM,AVmotionMOVING,AVmotionSTOPPED,AVhitPEDESTRAIN,AVhitBICYCLIST,AVhitOTHERS,AVhitOTHERSspecify,AVnoOFVehicles,AVdamagelevelUNKNOWN,AVdamagelevelNONE,AVdamagelevelMINOR,AVdamagelevelMODERATE,AVdamagelevelMAJOR,AVdamagePartLRC1,AVdamagePartRB,AVdamagePartRRC1,AVdamagePartLRPS1,AVdamagePartLRPS2,AVdamagePartRRPS1,AVdamagePartRRPS2,AVdamagePartLRPS3,AVdamagePartLRPS4,AVdamagePartRRPS3,AVdamagePartRRPS4,AVdamagePartFDS1,AVdamagePartFDS2,AVdamagePartFPS1,AVdamagePartFPS2,AVdamagePartFDS3,AVdamagePartFDS4,AVdamagePartFPS3,AVdamagePartFPS4,AVdamagePartLFC1,AVdamagePartFC1,AVdamagePartRC1,AVdamagePartFRC1,AVdamagePartLFC2,AVdamagePartFB,AVdamagePartFRC2,AVdamagePartLRC2,AVdamagePartLRC3,AVdamagePartRRC2,AVdamagePartRRC3,V2year,V2model,V2motionMOVING,V2motionSTOPPED,V2hitPEDESTRAIN,V2hitBICYCLIST,V2hitOTHERS,V2hitOTHERSspecify,V2noOFVehicles,P1INJURED,P1PROPERTY,P1BICYCLIST,P1PASSENGER,P1DRIVER,P1DECEASED,P2INJURED,P2PROPERTY,P2BICYCLIST,P2PASSENGER,P2DRIVER,P2DECEASED,AccTYPEAuto,AccTYPEConven,AccDETAILS,AccWEATHERCLEARbyAV,AccWEATHERCLEARbyV2,AccWEATHERCLOUDYbyAV,AccWEATHERCLOUDYbyV2,AccWEATHERRAININGbyAV,AccWEATHERRAININGbyV2,AccWEATHERSNOWINGbyAV,AccWEATHERSNOWINGbyV2,AccWEATHERFOGbyAV,AccWEATHERFOGbyV2,AccWEATHEROTHERbyAV,AccWEATHEROTHERbyV2,AccWEATHERWINDbyAV,AccWEATHERWINDbyV2,AccLIGHTHINGDAYLIGHTbyAV,AccLIGHTHINGDAYLIGHTbyV2,AccLIGHTHINGDUSKDAWNbyAV,AccLIGHTHINGDUSKDAWNbyV2,AccLIGHTHINGDARKSTREETLIGHTSbyAV,AccLIGHTHINGDARKSTREETLIGHTSbyV2,AccLIGHTHINGDARKNOSTREETbyAV,AccLIGHTHINGDARKNOSTREETbyV2,AccLIGHTHINGDARKSTREETLIGHTSNOTFUNCTIONINGbyAV,AccLIGHTHINGDARKSTREETLIGHTSNOTFUNCTIONINGbyV2,AccROADSURFACEDRYbyAV,AccROADSURFACEDRYbyV2,AccROADSURFACEWETbyAV,AccROADSURFACEWETbyV2,AccROADSURFACESNOWYICYbyAV,AccROADSURFACESNOWYICYbyV2,AccROADSURFACESLIPPERYbyAV,AccROADSURFACESLIPPERYbyV2,AccROADCONDITIONSHOLESbyAV,AccROADCONDITIONSHOLESbyV2,AccROADCONDITIONSLOOSEMATERIALbyAV,AccROADCONDITIONSLOOSEMATERIALbyV2,AccROADCONDITIONSOBSTRUCTIONbyAV,AccROADCONDITIONSOBSTRUCTIONbyV2,AccROADCONDITIONSCONSTRUCTIONbyAV,AccROADCONDITIONSCONSTRUCTIONbyV2,AccROADCONDITIONSREDUCEDROADWAYWIDTHbyAV,AccROADCONDITIONSREDUCEDROADWAYWIDTHbyV2,AccROADCONDITIONSFLOODEDbyAV,AccROADCONDITIONSFLOODEDbyV2,AccROADCONDITIONSOTHERbyAV,AccROADCONDITIONSOTHERbyV2,AccROADCONDITIONSNOUNUSUALCONDITIONSbyAV,AccROADCONDITIONSNOUNUSUALCONDITIONSbyV2,AccSTATEB4CollisionSTOPPEDbyAV,AccSTATEB4CollisionSTOPPEDbyV2,AccSTATEB4CollisionPROCEEDINGSTRAIGHTbyAV,AccSTATEB4CollisionPROCEEDINGSTRAIGHTbyV2,AccSTATEB4CollisionRANOFFROADbyAV,AccSTATEB4CollisionRANOFFROADbyV2,AccSTATEB4CollisionMAKINGRIGHTTURNbyAV,AccSTATEB4CollisionMAKINGRIGHTTURNbyV2,AccSTATEB4CollisionMAKINGLEFTTURNbyAV,AccSTATEB4CollisionMAKINGLEFTTURNbyV2,AccSTATEB4CollisionMAKINGUTURNbyAV,AccSTATEB4CollisionMAKINGUTURNbyV2,AccSTATEB4CollisionBACKINGbyAV,AccSTATEB4CollisionBACKINGbyV2,AccSTATEB4CollisionSLOWSTOPPINGbyAV,AccSTATEB4CollisionSLOWSTOPPINGbyV2,AccSTATEB4CollisionPASSINGXINGINTOOPPOSLANEVEHICLEbyAV,AccSTATEB4CollisionPASSINGXINGINTOOPPOSLANEVEHICLEbyV2,AccSTATEB4CollisionCHANGINGLANESbyAV,AccSTATEB4Collision CHANGINGLANESbyV2,AccSTATEB4CollisionPARKINGMANUEVERbyAV,AccSTATEB4CollisionPARKINGMANUEVERbyV2,AccSTATEB4CollisionENTERINGTRAFFICbyAV,AccSTATEB4CollisionENTERINGTRAFFICbyV2,AccSTATEB4CollisionUNSAFETURNINGbyAV,AccSTATEB4CollisionUNSAFETURNINGbyV2,AccSTATEB4CollisionXINGINTOOPPOSLANEbyAV,AccSTATEB4CollisionXINGINTOOPPOSLANEbyV2,AccSTATEB4CollisionPARKEDbyAV,AccSTATEB4CollisionPARKEDbyV2,AccSTATEB4CollisionMERGINGbyAV,AccSTATEB4CollisionMERGINGbyV2,AccSTATEB4CollisionTRAVELINGWRONGWAYbyAV,AccSTATEB4CollisionTRAVELINGWRONGWAYbyV2,AccSTATEB4CollisionOTHERbyAV,AccSTATEB4CollisionOTHERbyV2,AccCOLLISIONtypeHEADONbyAV,AccCOLLISIONtypeHEADONbyV2,AccCOLLISIONtypeSIDESWIPEbyAV,AccCOLLISIONtypeSIDESWIPEbyV2,AccCOLLISIONtypeREARENDbyAV,AccCOLLISIONtypeREARENDbyV2,AccCOLLISIONtypeBROADSIDEbyAV,AccCOLLISIONtypeBROADSIDEbyV2,AccCOLLISIONtypeHITOBJECTbyAV,AccCOLLISIONtypeHITOBJECTbyV2,AccCOLLISIONtypeOVERTURNEDbyAV,AccCOLLISIONtypeOVERTURNEDbyV2,AccCOLLISIONtypeVEHICLEORPEDESTRIANbyAV,AccCOLLISIONtypeVEHICLEORPEDESTRIANbyV2,AccCOLLISIONtypeOTHERbyAV,AccCOLLISIONtypeOTHERbyV2,AccOTHERfactorsCVCVIOLATEDYes,AccOTHERfactorsCVCVIOLATEDNo,AccOTHERfactorsVISIONOBSCUREMENT,AccOTHERfactorsINATTENTION,AccOTHERfactorsSTOPGOTRAFFIC,AccOTHERfactorsENTERINGORLEAVINGRAMP,AccOTHERfactorsPREVIOUSCOLLISION,AccOTHERfactorsUNFAMILIARWITHROAD,AccOTHERfactorsDEFECTIVEWEHEQUIPYes,AccOTHERfactorsDEFECTIVEWEHEQUIPNo,AccOTHERfactorsUNINVOLVEDVEHICLE,AccOTHERfactorsOTHER,AccOTHERfactorsNONEAPPARENT,AccOTHERfactorsRUNAWAYVEHICLE
Waymo LLC,2021,Jaguar,I-Pace,CA,94124,CA,San Francisco,Francisco,175 Bayshore Boulevard,5/4/2022,1:26,0,1,0,1,0,0,0,,2,0,0,1,0,0,0,0,1,0,0,0,0,0,0,0,0,0,0,0,0,0,0,0,0,0,0,0,0,0,0,0,0,0,0,0,2016,Nissan Frontier,1,0,0,0,0,,2,0,0,0,0,0,0,0,0,0,0,0,0,1,0,"On May 4, 2022 at 1:26 PM PST a Waymo Autonomous Vehicle (“Waymo AV”) operating in San Francisco, California was in a collision involving a passenger vehicle at the northbound merge lane on the 100 block of Bayshore Boulevard. ",0,1,0,0,0,0,0,0,0,0,0,0,0,0,0,1,0,0,0,0,0,0,0,0,0,1,0,0,0,0,0,0,0,0,0,0,0,0,0,0,0,0,0,0,0,0,0,1,0,1,0,0,0,0,0,0,0,0,0,0,0,0,0,0,0,0,0,0,0,0,0,0,0,0,0,0,0,0,0,0,0,0,0,0,0,0,0,0,0,0,0,0,0,0,0,0,0,0,0,0,0,0,0,0,0,0,0,0,0,0,0,0,0,0
Waymo LLC,2021,Jaguar,I-Pace,CA,94110,CA,San Francisco,Francisco,24th Street Capp,5/11/2022,9:19,1,0,1,0,0,0,0,,2,0,0,1,0,0,0,0,0,0,0,0,0,0,0,0,0,0,0,0,0,0,0,0,0,0,0,0,0,0,0,0,1,0,0,0,2021,Audi Q5,1,0,0,0,0,,2,0,0,0,0,0,0,0,0,0,0,0,0,0,1,"On May 11, 2022 at 9:19 AM PST a Waymo Autonomous Vehicle (“Waymo AV”) operating in San Francisco, California was in a collision involving a SUV on 24th Street and Capp Street.",0,1,0,0,0,0,0,0,0,0,0,0,0,0,0,1,0,0,0,0,0,0,0,0,0,1,0,0,0,0,0,0,0,0,0,0,0,0,0,0,0,0,0,0,0,0,0,1,0,1,0,0,0,0,0,1,0,0,0,0,0,0,0,0,0,0,0,0,0,0,0,0,0,0,0,0,0,0,0,0,0,0,0,0,0,0,0,0,0,0,0,0,0,0,0,0,0,0,0,0,0,0,0,0,0,0,0,0,0,0,0,0,0,0
Waymo LLC,2021,Jaguar,I-Pace,CA,94118,CA,San Francisco,Francisco,Stanyan Street McAllister,5/17/2022,1:26,0,1,1,0,0,0,0,,,0,0,1,0,0,0,1,0,0,0,0,0,0,0,0,0,0,0,0,0,0,0,0,0,0,0,0,0,0,0,0,0,0,0,0,2013,Hyundai Genesis 2.0,1,0,0,0,0,,2,0,0,0,0,0,0,0,0,0,0,0,0,1,0,"On May 17, 2022 at 1:26 PM PST a Waymo Autonomous Vehicle (“Waymo AV”) operating in San Francisco, California was in a collision involving a passenger car on Stanyan Street at McAllister Street.",0,1,0,0,0,0,0,0,0,0,0,0,0,0,0,1,0,0,0,0,0,0,0,0,0,1,0,0,0,0,0,0,0,0,0,0,0,0,0,0,0,0,0,0,0,0,0,1,0,0,0,0,0,0,0,0,0,0,0,0,0,0,0,1,0,0,0,0,0,0,0,0,0,0,0,0,0,0,0,0,0,0,0,0,0,0,0,0,0,0,0,0,0,0,0,0,0,0,0,0,0,0,0,0,0,0,0,0,0,0,0,0,0,0
Waymo LLC,2021,Jaguar,I-Pace,CA,94110,CA,San Francisco,Francisco,Coleridge Street at Coso Avenue,5/21/2022,10:03,1,0,0,1,0,0,0,,2,0,0,1,0,0,0,0,0,0,0,0,0,0,0,0,0,0,0,0,0,0,0,0,0,1,0,0,0,0,0,0,0,0,0,0,2022,Honda CRV,1,0,0,0,0,,2,0,0,0,0,0,0,0,0,0,0,0,0,0,1,"On May 21, 2022 at 10:03 AM PST a Waymo Autonomous Vehicle (“Waymo AV”) operating in San Francisco, CA was in a collision involving an SUV on Coleridge Street at Coso Avenue.",0,1,0,0,0,0,0,0,0,0,0,0,0,0,0,1,0,0,0,0,0,0,0,0,0,1,0,0,0,0,0,0,0,0,0,0,0,0,0,0,0,0,0,0,0,0,0,1,0,1,0,0,0,0,0,0,0,0,0,0,0,0,0,0,0,0,0,0,0,0,0,0,0,0,0,0,0,0,0,0,0,0,0,0,0,0,0,0,0,0,0,0,0,0,0,0,0,0,0,0,0,0,0,0,0,0,0,0,0,0,0,0,0,0
Waymo LLC,2021,Jaguar,I-Pace,CA,94108,CA,San Francisco,Francisco,Bush Street at Stockton,5/27/2022,1:16,1,0,0,1,0,0,0,,2,0,0,1,0,0,1,0,0,0,0,0,0,0,0,0,0,0,0,0,0,0,0,0,0,0,0,0,0,0,0,0,0,0,0,0,2006,SUZI RS,1,0,0,0,0,,2,0,0,0,0,0,0,0,0,0,0,0,0,1,0,"On May 27th, 2022 at 1:16AM PST a Waymo Autonomous Vehicle (“Waymo AV”) operating in San Francisco, California was in a collision involving a motorcycle on Bush Street at Stockton Street.",0,1,0,0,0,0,0,0,0,0,0,0,0,0,0,0,0,0,0,1,0,0,0,0,0,1,0,0,0,0,0,0,0,0,0,0,0,0,0,0,0,0,0,0,0,0,0,1,0,1,0,0,0,0,0,0,0,0,0,0,0,0,0,0,0,0,0,0,0,0,0,0,0,0,0,0,0,0,0,0,0,0,0,0,0,0,0,0,0,0,0,0,0,0,0,0,0,0,0,0,0,0,0,0,0,0,0,0,0,0,0,0,0,0
Waymo LLC,2021,Jaguar,I-Pace,CA,94102,CA,San Francisco,Francisco,McAllister Street Franklin,6/1/2022,7:26,1,0,0,1,0,0,0,,2,0,0,1,0,0,0,1,0,0,0,0,0,0,0,0,0,0,0,0,0,0,0,0,0,0,0,0,0,0,0,0,0,0,0,0,2011,Toyota Tacoma,1,0,0,0,0,,2,0,0,0,0,0,0,0,0,0,0,0,0,1,0,"On June 1, 2022 at 7:26 AM PST a Waymo Autonomous Vehicle (“Waymo AV”) operating in San Francisco, California was in a collision involving an SUV on McAllister Street at Franklin Street.",0,1,0,0,0,0,0,0,0,0,0,0,0,0,0,1,0,0,0,0,0,0,0,0,0,1,0,0,0,0,0,0,0,0,0,0,0,0,0,0,0,0,0,0,0,0,0,1,0,1,0,0,0,0,0,0,0,0,0,0,0,0,0,0,0,0,0,0,0,0,0,0,0,0,0,0,0,0,0,0,0,0,0,0,0,0,0,0,0,0,0,0,0,0,0,0,0,0,0,0,0,0,0,0,0,0,0,0,0,0,0,0,0,0
Waymo LLC,2021,Jaguar,I-Pace,CA,94103,CA,San Francisco,Francisco,200 block Duboce Avenue,4/18/2022,2:31,1,0,1,0,0,0,0,,1,0,0,1,0,0,0,0,0,1,0,0,1,0,0,0,0,0,0,0,0,0,0,0,0,0,0,0,0,0,0,0,0,0,0,0,,,0,0,0,0,0,,,0,0,0,0,0,0,0,0,0,0,0,0,1,0,"On April 18, 2022 at 2:31 AM PST a Waymo Autonomous Vehicle (“Waymo AV”) operating in San Francisco, CA made contact with a parking lot driveway on the 200 block of Duboce Avenue. ",0,1,0,0,0,0,0,0,0,0,0,0,0,0,0,0,0,0,0,1,0,0,0,0,0,1,0,0,0,0,0,0,0,0,0,0,0,0,0,0,0,0,0,0,0,0,0,1,0,0,0,0,0,0,0,0,0,0,0,0,0,0,0,0,0,0,0,0,0,0,0,0,0,0,0,0,0,0,0,0,0,0,0,1,0,0,0,0,0,0,0,0,0,0,0,0,0,0,0,1,0,0,0,0,0,0,0,0,0,0,0,0,0,0
Waymo LLC,2021,Jaguar,I-Pace,CA,94107,CA,San Francisco,Francisco,5th Street Bryant,4/18/2022,8:14,1,0,0,1,0,0,0,,2,0,0,1,0,0,1,1,1,0,0,0,0,0,0,0,0,0,0,0,0,0,0,0,0,0,0,0,0,0,0,0,0,0,0,0,2004,Acura TL,1,0,0,0,0,,2,0,0,0,0,0,0,0,0,0,0,0,0,1,0,"On April 18, 2022 at 8:14 AM PST a Waymo Autonomous Vehicle (“Waymo AV”) operating in San Francisco, California was in a collision involving a passenger vehicle on Bryant Street and 5th Street. ",0,1,0,0,0,0,0,0,0,0,0,0,0,0,0,1,0,0,0,0,0,0,0,0,0,1,0,0,0,0,0,0,0,0,0,0,0,0,0,0,0,0,0,0,0,0,0,1,0,1,0,0,0,0,0,0,0,0,0,0,0,0,0,0,0,0,0,0,0,0,0,0,0,0,0,0,0,0,0,0,0,0,0,0,0,0,0,0,0,0,0,0,0,0,0,0,0,0,0,0,0,0,0,0,0,0,0,0,0,0,0,0,0,0
Zoox Inc,2016,Highlander,Toyota,CA,94103,CA,San Francisco,Francisco,9th Bryant Street,4/6/2022,5:38,0,1,1,0,0,0,1,Vehicle,2,0,1,0,0,0,0,0,0,0,0,0,0,0,0,0,0,0,0,0,0,0,0,0,0,0,0,0,0,0,0,1,0,0,0,0,,,1,0,0,0,1,Vehicle,2,0,0,0,0,0,0,0,0,0,0,0,0,1,0,A Zoox vehicle in autonomous mode was making a right turn from Bryant Street onto 9th Street when a vehicle overtaking from the rear switched lanes as it drove in front of the Zoox vehicle and made contact with the front Zoox sensors. The other party left the scene. The police were not called and there were no injuries.,1,1,0,0,0,0,0,0,0,0,0,0,0,0,0,0,1,1,0,0,0,0,0,0,1,1,0,0,0,0,0,0,0,0,0,0,0,0,0,0,0,0,0,0,0,0,1,1,0,0,0,0,0,0,1,1,0,0,0,0,0,0,0,0,0,1,0,0,0,0,0,0,0,0,0,0,0,0,0,0,0,0,0,0,0,0,1,1,1,1,0,0,0,0,0,0,0,0,0,0,0,0,0,0,0,0,0,0,0,0,0,0,0,0
Zoox Inc,2016,Toyota,Highlander,CA,94111,CA,San Francisco,Francisco,Montgomery Street after the Clay Intersection,1/4/2022,11:30,1,0,0,1,0,0,1,Vehicle,2,0,1,0,0,0,0,0,0,0,0,0,0,0,0,0,0,0,0,0,0,0,0,0,0,0,0,0,0,0,1,0,0,0,0,0,2010,Ford Escape,1,0,0,0,1,Vehicle,2,0,0,0,0,0,0,0,0,0,0,0,0,0,1,"A Zoox vehicle in manual mode came to a stop behind a passenger vehicle that was attempting to parallel park on Montgomery Street. While reversing, the passenger vehicle made contact with the front vehicle sensors of the Zoox vehicle. There were no injuries and the police were not called. ",0,0,1,1,0,0,0,0,0,0,0,0,0,0,1,1,0,0,0,0,0,0,0,0,0,0,1,1,0,0,0,0,0,0,0,0,0,0,0,0,0,0,0,0,0,0,1,1,1,0,0,0,0,0,0,0,0,0,0,0,0,1,0,0,0,0,0,0,0,0,0,0,0,0,0,0,0,0,0,0,0,0,0,0,1,1,0,0,0,0,0,0,0,0,0,0,0,0,0,0,0,0,0,1,0,0,0,0,0,0,0,0,0,0
Zoox Inc,2016,Toyota,Highlsnder,CA,94103,CA,CA,Francisco,13th Bryant St,1/11/2022,8:55,1,0,0,1,0,0,1,,2,0,0,0,1,0,0,1,0,0,0,0,0,0,0,0,0,0,0,0,0,0,0,0,0,0,0,0,0,0,0,0,0,0,0,0,2019,Toyota,1,0,0,0,1,Vehicle,2,0,0,0,0,0,0,0,0,0,0,0,0,1,0,A stopped Zoox vehicle in autonomous mode was struck by a passenger vehicle that approached it at low speed from behind. The Zoox vehicle incurred damage to its sensors and rear bumper. There were no injuries and the police were not called.,1,1,0,0,0,0,0,0,0,0,0,0,0,0,1,1,0,0,0,0,0,0,0,0,1,1,0,0,0,0,0,0,0,0,0,0,0,0,0,0,0,0,0,0,0,0,1,1,1,0,0,1,0,0,0,0,0,0,0,0,0,0,0,0,0,0,0,0,0,0,0,0,0,0,0,0,0,0,0,0,0,0,0,0,0,0,0,0,0,1,0,0,0,0,0,0,0,0,0,0,0,0,0,1,0,0,0,0,0,0,0,0,0,0
Zoox Inc,2016,Toyota,Highlander,CA,94103,CA,San Francisco,Francisco,Alameda St & Potrero Ave,1/16/2022,1:57,0,1,0,1,0,0,1,Vehicle,2,0,0,1,0,0,1,1,1,0,0,0,0,0,0,0,0,0,0,0,0,0,0,0,0,0,0,0,0,0,0,0,0,0,0,0,2011,GMC Acadia,1,0,0,0,1,Vehicle,2,0,0,0,0,0,0,0,0,0,0,0,0,0,1,"A Zoox vehicle in manual mode was stopped while waiting to make a left turn, when it was rear-ended by a passenger vehicle. The Zoox vehicle incurred minor damage to its sensors and rear bumper. There were no injuries and the police were not called.",1,1,0,0,0,0,0,0,0,0,0,0,0,0,1,1,0,0,0,0,0,0,0,0,1,1,0,0,0,0,0,0,0,0,0,0,0,0,0,0,0,0,0,0,0,0,1,1,1,0,0,1,0,0,0,0,0,0,0,0,0,0,0,0,0,0,0,0,0,0,0,0,0,0,0,0,0,0,0,0,0,0,0,0,0,0,0,0,1,1,0,0,0,0,0,0,0,0,0,0,0,0,0,0,0,0,0,0,0,0,0,0,0,0
Zoox Inc,2016,Toyota,Highlander,CA,94103,CA,San Fancisco,Francisco,Brannan 7th Intersection,2/5/2022,8:55,0,1,0,1,0,0,1,Vehicle,2,0,1,0,0,0,0,0,0,0,0,0,0,0,0,0,0,0,0,0,0,0,0,0,0,0,0,0,0,0,0,0,0,0,0,0,,Nissan,1,0,0,0,1,Vehicle,2,0,0,0,0,0,0,0,0,0,0,0,0,1,0,A Zoox vehicle in autonomous mode was stopped at a traffic light on Brannan Street at 7th Street when a passenger vehicle hit the Zoox vehicle from behind. The passenger vehicle left the scene without exchanging information. There were no injuries and the police were not called. ,1,1,0,0,0,0,0,0,0,0,0,0,0,0,1,1,0,0,0,0,0,0,0,0,1,1,0,0,0,0,0,0,0,0,0,0,0,0,0,0,0,0,0,0,0,0,1,1,1,0,0,1,0,0,0,0,0,0,0,0,0,0,0,0,0,0,0,0,0,0,0,0,0,0,0,0,0,0,0,0,0,0,0,0,0,0,0,0,1,1,0,0,0,0,0,0,0,0,0,0,0,0,0,0,0,0,0,0,0,0,0,0,0,0
Zoox Inc,2016,Toyota,Highlander,CA,94103,CA,San Francisco,Francisco,Treat Avenue,2/6/2022,8:40,1,0,0,1,0,1,0,,2,0,1,0,0,0,0,0,0,0,0,0,0,0,0,0,0,0,0,0,0,0,0,0,0,0,0,0,0,0,0,0,0,0,0,0,,,1,0,0,1,0,,2,0,0,0,0,0,0,0,0,0,0,0,0,0,1,"A Zoox vehicle in manual mode was stopped on Treat Ave, when a bicyclist riding on the wrong side of the street rode into the front bumper of the Zoox vehicle. The Zoox vehicle did not incur any damage. There were no injuries and the police were not called.",1,1,0,0,0,0,0,0,0,0,0,0,0,0,1,1,0,0,0,0,0,0,0,0,1,1,0,0,0,0,0,0,0,0,0,0,0,0,0,0,0,0,0,0,0,0,1,1,1,0,0,0,0,0,0,0,0,0,0,0,0,0,0,0,0,0,0,0,0,0,0,0,0,0,0,1,0,0,0,0,0,0,0,0,1,1,0,0,0,0,0,0,0,0,0,0,0,0,0,0,0,0,0,0,0,0,0,0,0,0,0,0,0,0
Zoox Inc,2016,Toyota,Highlander,CA,94133,CA,San Francisco,Francisco,Stockton Filbert Intersection,3/22/2022,3:00,0,1,0,1,0,0,1,E-Scooter,2,0,0,1,0,0,0,0,1,0,0,0,0,0,0,0,0,0,0,0,0,0,0,0,0,0,0,0,0,0,0,0,0,0,0,0,,,1,0,0,0,1,E-Scooter,2,0,0,0,0,0,0,0,0,0,0,0,0,0,1,"A Zoox vehicle in manual mode was proceeding with the right of way through a four-way stop, when a person operating an electric scooter failed to stop at the stop sign and proceeded into the intersection from the right and made contact with the rear corner of the Zoox vehicle at low speed. Police were not called. ",1,1,0,0,0,0,0,0,0,0,0,0,0,0,1,1,0,0,0,0,0,0,0,0,1,1,0,0,0,0,0,0,0,0,0,0,0,0,0,0,0,0,0,0,0,0,1,1,0,0,1,1,0,0,0,0,0,0,0,0,0,0,1,0,0,0,0,0,0,0,0,0,0,0,0,0,0,0,0,0,0,0,0,0,0,0,0,1,1,0,0,0,0,0,0,0,0,0,0,0,0,0,0,0,0,0,0,0,0,0,0,0,0,0
Zoox Inc,2016,Toyota,Highlander,CA,94107,CA,San Francisco,Francisco,3rd Street Stillman,3/29/2022,8:20,1,0,1,0,0,0,1,Vehicle,2,0,0,0,1,0,1,1,1,0,0,0,0,0,0,0,0,0,0,0,0,0,0,0,0,0,0,0,0,0,0,0,0,0,0,0,,Prius,1,0,0,0,1,Vehicle,2,0,0,0,0,0,0,0,0,0,0,0,0,1,0,A Zoox vehicle in autonomous mode was stopped in traffic when a passenger vehicle from behind made contact with the rear of the Zoox vehicle at low speed. The police were not called.,1,1,0,0,0,0,0,0,0,0,0,0,0,0,1,1,0,0,0,0,0,0,0,0,1,1,0,0,0,0,0,0,0,0,0,0,0,0,0,0,0,0,0,0,0,0,1,1,0,0,1,1,0,0,0,0,0,0,0,0,0,0,1,0,0,0,0,0,0,0,0,0,0,0,0,0,0,0,0,0,0,0,0,0,0,0,0,0,1,1,0,0,0,0,0,0,0,0,0,0,0,0,0,0,1,0,0,0,0,0,0,0,0,0
Zoox Inc,2016,Toyota,Highlander,CA,94107,CA,San Francisco,Francisco,Colin P Kelly St Brannan Intersection,4/28/2022,3:28,0,1,1,0,0,0,1,Vehicle,2,0,1,0,0,0,0,0,0,0,0,0,0,0,0,0,0,0,0,0,0,0,0,0,0,0,0,0,0,0,0,0,0,0,0,0,2007,GMC Sierra,0,1,0,0,1,Vehicle,2,0,0,0,0,0,0,0,0,0,0,0,0,0,1,"A Zoox vehicle in autonomous mode came to a complete stop at the T-junction stop sign at Colin P. Kelly Jr. St. and Brannan St. and yielded to oncoming traffic from the left. Due to traffic flow, the driver then disengaged autonomous mode and reversed, making contact with a vehicle that had approached from the rear and was attempting to pass the Zoox vehicle to make a right turn. There were no injuries and the police were not called.",1,1,0,0,0,0,0,0,0,0,0,0,0,0,1,1,0,0,0,0,0,0,0,0,1,1,0,0,0,0,0,0,0,0,0,0,0,0,0,0,0,0,0,0,0,0,1,1,0,1,0,0,0,0,0,0,0,0,0,0,1,0,0,0,0,0,0,0,0,0,0,0,0,0,0,0,0,0,0,0,0,0,0,0,0,0,0,0,1,1,0,0,0,0,0,0,0,0,0,0,0,0,0,0,0,0,0,0,0,0,0,0,0,0
Zoox Inc,2016,Toyota,Highlander,CA,94105,CA,San Francisco,Francisco,Folsom St near Essex,5/20/2022,1:30,0,1,0,1,0,0,1,Vehicle,2,0,0,1,0,0,0,1,0,0,0,0,0,0,0,0,0,0,0,0,0,0,0,0,0,0,0,0,0,0,0,0,0,0,0,0,2009,Honda Fit,1,0,0,0,1,Vehicle,2,0,0,0,0,0,0,0,0,0,0,0,0,1,0,"A Zoox vehicle in autonomous mode was stopped on Folsom Street facing Essex Street, when a passenger vehicle from behind made contact with its rear sensors at low speed. The police were not called and there were no injuries. ",1,1,0,0,0,0,0,0,0,0,0,0,0,0,1,1,0,0,0,0,0,0,0,0,1,1,0,0,0,0,0,0,0,0,0,0,0,0,0,0,0,0,0,0,0,0,1,1,1,0,0,1,0,0,0,0,0,0,0,0,0,0,0,0,0,0,0,0,0,0,0,0,0,0,0,0,0,0,0,0,0,0,0,0,0,0,0,0,1,1,0,0,0,0,0,0,0,0,0,0,0,0,0,0,0,0,0,0,0,0,0,0,0,0
Zoox Inc,2016,Toyota,Highlander,CA,94103,CA,San Francisco,Francisco,10th Street Folsom Intersection,5/31/2022,12:50,0,1,0,1,0,0,1,Vehicle,2,0,0,1,0,0,0,1,0,0,0,0,0,0,0,0,0,0,0,0,0,0,0,0,0,0,0,0,0,0,0,0,0,0,0,0,2017,BMV i3,1,0,0,0,1,Vehicle,2,0,0,0,0,0,0,0,0,0,0,0,0,0,1,"A Zoox vehicle in manual mode was stopped at a red traffic light on Folsom Street facing 10th Street. When the light turned green, the Zoox vehicle proceeded forward, and the passenger vehicle behind the Zoox vehicle made contact with the Zoox vehicle's tailgate and rear sensors. There were no injuries, and the police were not called.",1,1,0,0,0,0,0,0,0,0,0,0,0,0,1,1,0,0,0,0,0,0,0,0,1,1,0,0,0,0,0,0,0,0,0,0,0,0,0,0,0,0,0,0,0,0,1,1,0,0,1,1,0,0,0,0,0,0,0,0,0,0,0,0,0,0,0,0,0,0,0,0,0,0,0,0,0,0,0,0,0,0,0,0,0,0,0,0,1,1,0,0,0,0,0,0,0,0,0,0,0,0,0,0,0,0,0,0,0,0,0,0,0,0
Zoox Inc,2016,Toyota,Highlander,CA,94133,CA,San Francisco,Francisco,"Pacific Ave , Kearny St Columbus Intersectio",6/1/2022,1:15,0,1,1,0,0,0,1,EScooter,2,0,0,1,0,0,0,0,0,1,0,0,0,0,0,0,0,0,0,0,0,0,0,0,0,0,0,0,0,0,0,0,0,0,0,0,,,1,0,0,0,1,EScooter,2,0,0,0,0,0,0,0,0,0,0,0,0,0,1,"A Zoox vehicle in autonomous mode was proceeding westbound with the right of way on a green traffic light at the six way intersection of Pacific Ave., Keary St., and Columbus Ave., when a person operating an electric scooter ran a red light and proceeded northbound into the intersection. The scooter made contact with the left rear quarter panel of the Zoox vehicle, at which time the Zoox vehicle had disengaged from autonomous mode. The Zoox vehicle pulled over, and police and emergency services arrived at the scene. ",1,1,0,0,0,0,0,0,0,0,0,0,0,0,1,1,0,0,0,0,0,0,0,0,1,1,0,0,0,0,0,0,0,0,0,0,0,0,0,0,0,0,0,0,0,0,1,1,0,0,1,1,0,0,0,0,0,0,0,0,0,0,0,0,0,0,0,0,0,0,0,0,0,0,0,0,0,0,0,0,0,0,0,0,0,0,0,0,0,0,1,1,0,0,0,0,0,0,0,0,0,0,0,0,0,0,0,0,0,0,0,0,0,0
Zoox Inc,2016,Toyota,Highlander,CA,94133,CA,San Francisco,Francisco,11th Street Harrison Intersection,6/1/2022,1:02,0,1,0,1,0,0,1,Vehicle,2,0,0,1,0,0,0,1,0,0,0,0,0,0,0,0,0,0,0,0,0,0,0,0,0,0,0,0,0,0,0,0,0,0,0,0,2014,Honda,1,0,0,0,1,Vehicle,2,1,0,0,1,0,0,0,0,0,0,0,0,1,0,"A Zoox vehicle in autonomous mode was stopped at a red traffic signal at the intersection of Harrison and 11th Streets in San Francisco with its left turn signal engaged. After the traffic signal changed to green and while waiting for an opening to turn left onto Harrison Street, the Zoox vehicle was struck by a passenger vehicle from behind. The driver of that passenger vehicle stated that he was using his phone and not paying attention. No police or emergency services were called to the scene. The Zoox driver, front passenger, and rear passenger reported minor injuries for which they later sought medical attention. The Zoox vehicle incurred minor damage to its rear sensors.",1,1,0,0,0,0,0,0,0,0,0,0,0,0,1,1,0,0,0,0,0,0,0,0,0,0,0,0,0,0,0,0,0,0,0,0,0,0,0,0,0,0,0,0,0,0,1,1,1,0,0,1,0,0,0,0,0,0,0,0,0,0,0,0,0,0,0,0,0,0,0,0,0,0,0,0,0,0,0,0,0,0,0,0,0,0,0,0,1,1,0,0,0,0,0,0,0,0,0,0,0,0,0,1,0,0,0,0,0,0,0,0,0,0
Zoox Inc,2016,Toyota,Highlander,CA,94102,CA,San Francisco,Francisco,Mason St Ellis Intersection,4/22/2022,5:50,0,1,1,0,0,0,1,Vehicle,2,0,0,1,0,0,1,1,1,0,0,0,0,0,0,0,0,0,0,0,0,0,0,0,0,0,0,0,0,0,0,0,0,0,0,0,,,1,0,0,0,1,Vehicle,2,0,0,0,0,0,0,0,0,0,0,0,0,1,0,"A Zoox vehicle in autonomous mode was proceeding straight through the intersection of Mason St. and Ellis St. when it was rear-ended by a passenger vehicle that was switching lanes and made contact with the Zoox vehicle's sensors. The other party left the scene. The police were not called, and there were no injuries.",1,1,0,0,0,0,0,0,0,0,0,0,0,0,1,1,0,0,0,0,0,0,0,0,1,1,0,0,0,0,0,0,0,0,0,0,0,0,0,0,0,0,0,0,0,0,1,1,0,0,1,0,0,0,0,0,0,0,0,0,0,0,0,0,0,0,0,1,0,0,0,0,0,0,0,0,0,0,0,0,0,0,0,0,0,0,0,0,0,1,0,0,0,0,0,0,0,0,0,0,0,0,0,0,0,0,0,0,0,0,0,0,0,0